tokens,frequency,relative_frequency
hotel,431,0.032489069802502636
room,210,0.015829941203075532
staff,204,0.015377657168701944
great,155,0.011684004221317655
naples,149,0.011231720186944067
stay,138,0.010402532790592492
service,118,0.008894919342680536
breakfast,114,0.008593396653098146
view,112,0.00844263530830695
restaurant,111,0.008367254635911352
pool,98,0.0073873058947685815
rooms,84,0.006331976481230212
nice,83,0.006256595808834615
location,83,0.006256595808834615
romeo,82,0.006181215136439017
good,80,0.006030453791647822
would,73,0.005502789084878637
helpful,73,0.005502789084878637
modern,71,0.0053520277400874415
one,71,0.0053520277400874415
spa,70,0.005276647067691844
well,68,0.005125885722900648
excellent,67,0.005050505050505051
friendly,67,0.005050505050505051
area,59,0.004447459671340268
also,59,0.004447459671340268
time,59,0.004447459671340268
beautiful,58,0.004372078998944671
amazing,57,0.004296698326549073
really,56,0.004221317654153475
best,54,0.004070556309362279
city,52,0.003919794964571084
port,52,0.003919794964571084
night,52,0.003919794964571084
star,51,0.003844414292175486
food,51,0.003844414292175486
comfortable,49,0.0036936529473842908
stayed,49,0.0036936529473842908
day,45,0.0033921302578018998
back,44,0.003316749585406302
bar,44,0.003316749585406302
clean,44,0.003316749585406302
lovely,43,0.003241368913010704
get,42,0.003165988240615106
top,42,0.003165988240615106
small,41,0.0030906075682195083
wonderful,40,0.003015226895823911
floor,39,0.002939846223428313
like,38,0.002864465551032715
views,37,0.0027890848786371173
see,36,0.0027137042062415195
walk,36,0.0027137042062415195
place,35,0.002638323533845922
experience,35,0.002638323533845922
capri,33,0.0024875621890547263
front,33,0.0024875621890547263
could,33,0.0024875621890547263
two,33,0.0024875621890547263
shower,33,0.0024875621890547263
rooftop,32,0.0024121815166591285
even,32,0.0024121815166591285
ferry,31,0.002336800844263531
close,31,0.002336800844263531
made,30,0.002261420171867933
vesuvius,30,0.002261420171867933
restaurants,30,0.002261420171867933
every,30,0.002261420171867933
perfect,29,0.0021860394994723353
definitely,28,0.0021106588270767375
many,28,0.0021106588270767375
reception,28,0.0021106588270767375
decor,28,0.0021106588270767375
design,28,0.0021106588270767375
everything,27,0.0020352781546811396
bed,27,0.0020352781546811396
bathroom,26,0.001959897482285542
much,26,0.001959897482285542
around,26,0.001959897482285542
high,26,0.001959897482285542
lobby,26,0.001959897482285542
quite,25,0.0018845168098899443
desk,25,0.0018845168098899443
michelin,25,0.0018845168098899443
suite,25,0.0018845168098899443
got,24,0.0018091361374943465
trip,24,0.0018091361374943465
evening,24,0.0018091361374943465
facilities,24,0.0018091361374943465
first,24,0.0018091361374943465
cruise,24,0.0018091361374943465
bit,24,0.0018091361374943465
visit,23,0.0017337554650987486
however,23,0.0017337554650987486
bay,23,0.0017337554650987486
recommend,23,0.0017337554650987486
loved,23,0.0017337554650987486
harbor,22,0.001658374792703151
nights,22,0.001658374792703151
harbour,22,0.001658374792703151
way,22,0.001658374792703151
walking,21,0.001582994120307553
extremely,21,0.001582994120307553
ever,21,0.001582994120307553
want,21,0.001582994120307553
attentive,21,0.001582994120307553
make,21,0.001582994120307553
fantastic,21,0.001582994120307553
dinner,21,0.001582994120307553
art,21,0.001582994120307553
right,21,0.001582994120307553
hotels,20,0.0015076134479119555
buffet,20,0.0015076134479119555
booked,20,0.0015076134479119555
lot,20,0.0015076134479119555
enjoyed,20,0.0015076134479119555
water,19,0.0014322327755163576
quality,19,0.0014322327755163576
amenities,19,0.0014322327755163576
warm,18,0.0013568521031207597
truly,18,0.0013568521031207597
amalfi,18,0.0013568521031207597
arrival,18,0.0013568521031207597
gym,18,0.0013568521031207597
people,17,0.001281471430725162
next,17,0.001281471430725162
spent,17,0.001281471430725162
arrived,17,0.001281471430725162
staying,17,0.001281471430725162
left,17,0.001281471430725162
everyone,17,0.001281471430725162
professional,17,0.001281471430725162
expensive,17,0.001281471430725162
poor,16,0.0012060907583295642
space,16,0.0012060907583295642
especially,16,0.0012060907583295642
exceptional,16,0.0012060907583295642
better,16,0.0012060907583295642
little,16,0.0012060907583295642
looking,16,0.0012060907583295642
flight,16,0.0012060907583295642
spacious,16,0.0012060907583295642
feel,15,0.0011307100859339666
ships,15,0.0011307100859339666
use,15,0.0011307100859339666
overall,15,0.0011307100859339666
take,15,0.0011307100859339666
drinks,15,0.0011307100859339666
end,15,0.0011307100859339666
although,15,0.0011307100859339666
distance,15,0.0011307100859339666
9th,15,0.0011307100859339666
beds,15,0.0011307100859339666
super,15,0.0011307100859339666
located,15,0.0011307100859339666
special,15,0.0011307100859339666
birthday,15,0.0011307100859339666
last,15,0.0011307100859339666
short,14,0.0010553294135383687
fabulous,14,0.0010553294135383687
included,14,0.0010553294135383687
large,14,0.0010553294135383687
size,14,0.0010553294135383687
enjoy,14,0.0010553294135383687
lights,14,0.0010553294135383687
check,14,0.0010553294135383687
napoli,14,0.0010553294135383687
italy,14,0.0010553294135383687
felt,14,0.0010553294135383687
morning,14,0.0010553294135383687
minute,14,0.0010553294135383687
busy,14,0.0010553294135383687
still,14,0.0010553294135383687
easy,14,0.0010553294135383687
able,14,0.0010553294135383687
open,14,0.0010553294135383687
nothing,14,0.0010553294135383687
home,13,0.000979948741142771
relaxing,13,0.000979948741142771
welcome,13,0.000979948741142771
manager,13,0.000979948741142771
took,13,0.000979948741142771
luxury,13,0.000979948741142771
minutes,13,0.000979948741142771
coast,13,0.000979948741142771
say,13,0.000979948741142771
across,13,0.000979948741142771
price,13,0.000979948741142771
coffee,13,0.000979948741142771
gorgeous,13,0.000979948741142771
english,13,0.000979948741142771
throughout,13,0.000979948741142771
main,13,0.000979948741142771
ask,13,0.000979948741142771
must,13,0.000979948741142771
closed,13,0.000979948741142771
find,13,0.000979948741142771
wait,13,0.000979948741142771
light,13,0.000979948741142771
etc,12,0.0009045680687471732
think,12,0.0009045680687471732
told,12,0.0009045680687471732
early,12,0.0009045680687471732
times,12,0.0009045680687471732
places,12,0.0009045680687471732
never,12,0.0009045680687471732
choice,12,0.0009045680687471732
delicious,12,0.0009045680687471732
far,12,0.0009045680687471732
taxi,12,0.0009045680687471732
bad,12,0.0009045680687471732
return,12,0.0009045680687471732
appointed,12,0.0009045680687471732
full,12,0.0009045680687471732
table,12,0.0009045680687471732
book,12,0.0009045680687471732
stunning,12,0.0009045680687471732
part,12,0.0009045680687471732
roof,11,0.0008291873963515755
another,11,0.0008291873963515755
options,11,0.0008291873963515755
needs,11,0.0008291873963515755
different,11,0.0008291873963515755
ferries,11,0.0008291873963515755
something,11,0.0008291873963515755
offers,11,0.0008291873963515755
kind,11,0.0008291873963515755
street,11,0.0008291873963515755
highly,11,0.0008291873963515755
found,11,0.0008291873963515755
going,11,0.0008291873963515755
look,11,0.0008291873963515755
areas,11,0.0008291873963515755
long,11,0.0008291873963515755
come,11,0.0008291873963515755
taking,11,0.0008291873963515755
days,11,0.0008291873963515755
leave,11,0.0008291873963515755
always,11,0.0008291873963515755
pleasant,11,0.0008291873963515755
francesco,11,0.0008291873963515755
enough,11,0.0008291873963515755
help,11,0.0008291873963515755
needed,11,0.0008291873963515755
though,11,0.0008291873963515755
second,11,0.0008291873963515755
eat,10,0.0007538067239559777
wife,10,0.0007538067239559777
absolutely,10,0.0007538067239559777
local,10,0.0007538067239559777
airport,10,0.0007538067239559777
guests,10,0.0007538067239559777
worth,10,0.0007538067239559777
put,10,0.0007538067239559777
welcoming,10,0.0007538067239559777
sorrento,10,0.0007538067239559777
access,10,0.0007538067239559777
stylish,10,0.0007538067239559777
away,10,0.0007538067239559777
interesting,10,0.0007538067239559777
deluxe,10,0.0007538067239559777
sleep,10,0.0007538067239559777
system,10,0.0007538067239559777
unfortunately,10,0.0007538067239559777
old,10,0.0007538067239559777
parking,10,0.0007538067239559777
drink,10,0.0007538067239559777
rate,10,0.0007538067239559777
thought,10,0.0007538067239559777
need,10,0.0007538067239559777
accommodating,10,0.0007538067239559777
work,10,0.0007538067239559777
lots,10,0.0007538067239559777
five,10,0.0007538067239559777
four,9,0.0006784260515603799
using,9,0.0006784260515603799
outside,9,0.0006784260515603799
glass,9,0.0006784260515603799
steam,9,0.0006784260515603799
recommendations,9,0.0006784260515603799
door,9,0.0006784260515603799
kept,9,0.0006784260515603799
order,9,0.0006784260515603799
quick,9,0.0006784260515603799
chocolates,9,0.0006784260515603799
family,9,0.0006784260515603799
standard,9,0.0006784260515603799
outstanding,9,0.0006784260515603799
tried,9,0.0006784260515603799
without,9,0.0006784260515603799
wellness,9,0.0006784260515603799
came,9,0.0006784260515603799
disappointing,9,0.0006784260515603799
lighting,9,0.0006784260515603799
paid,9,0.0006784260515603799
less,9,0.0006784260515603799
cool,9,0.0006784260515603799
car,9,0.0006784260515603799
sure,9,0.0006784260515603799
within,9,0.0006784260515603799
center,9,0.0006784260515603799
used,9,0.0006784260515603799
served,9,0.0006784260515603799
corner,9,0.0006784260515603799
hours,9,0.0006784260515603799
thing,9,0.0006784260515603799
plus,8,0.0006030453791647821
money,8,0.0006030453791647821
website,8,0.0006030453791647821
equipped,8,0.0006030453791647821
complaint,8,0.0006030453791647821
dining,8,0.0006030453791647821
completely,8,0.0006030453791647821
gave,8,0.0006030453791647821
thank,8,0.0006030453791647821
entire,8,0.0006030453791647821
property,8,0.0006030453791647821
actually,8,0.0006030453791647821
concierge,8,0.0006030453791647821
recommended,8,0.0006030453791647821
turn,8,0.0006030453791647821
enjoyable,8,0.0006030453791647821
bars,8,0.0006030453791647821
lunch,8,0.0006030453791647821
thanks,8,0.0006030453791647821
near,8,0.0006030453791647821
disappointed,8,0.0006030453791647821
sites,8,0.0006030453791647821
happy,8,0.0006030453791647821
junior,8,0.0006030453791647821
new,8,0.0006030453791647821
upon,8,0.0006030453791647821
helped,8,0.0006030453791647821
team,8,0.0006030453791647821
comandante,8,0.0006030453791647821
relax,8,0.0006030453791647821
start,8,0.0006030453791647821
said,8,0.0006030453791647821
cake,8,0.0006030453791647821
eggs,8,0.0006030453791647821
incredibly,8,0.0006030453791647821
superb,8,0.0006030453791647821
mount,8,0.0006030453791647821
menu,8,0.0006030453791647821
boutique,8,0.0006030453791647821
available,8,0.0006030453791647821
moment,8,0.0006030453791647821
course,8,0.0006030453791647821
honeymoon,8,0.0006030453791647821
booking,8,0.0006030453791647821
spend,8,0.0006030453791647821
train,8,0.0006030453791647821
wine,8,0.0006030453791647821
shopping,8,0.0006030453791647821
wish,8,0.0006030453791647821
ship,8,0.0006030453791647821
road,7,0.0005276647067691844
pay,7,0.0005276647067691844
making,7,0.0005276647067691844
limited,7,0.0005276647067691844
option,7,0.0005276647067691844
spectacular,7,0.0005276647067691844
big,7,0.0005276647067691844
love,7,0.0005276647067691844
visited,7,0.0005276647067691844
building,7,0.0005276647067691844
due,7,0.0005276647067691844
beyond,7,0.0005276647067691844
housekeeping,7,0.0005276647067691844
tub,7,0.0005276647067691844
central,7,0.0005276647067691844
docks,7,0.0005276647067691844
impressive,7,0.0005276647067691844
facing,7,0.0005276647067691844
fact,7,0.0005276647067691844
town,7,0.0005276647067691844
least,7,0.0005276647067691844
guest,7,0.0005276647067691844
covid,7,0.0005276647067691844
bathrooms,7,0.0005276647067691844
anything,7,0.0005276647067691844
notch,7,0.0005276647067691844
three,7,0.0005276647067691844
everywhere,7,0.0005276647067691844
terminal,7,0.0005276647067691844
toilet,7,0.0005276647067691844
hot,7,0.0005276647067691844
bedroom,7,0.0005276647067691844
convenient,7,0.0005276647067691844
seen,7,0.0005276647067691844
week,7,0.0005276647067691844
husband,7,0.0005276647067691844
wanted,7,0.0005276647067691844
tiny,7,0.0005276647067691844
interior,7,0.0005276647067691844
castle,7,0.0005276647067691844
turned,7,0.0005276647067691844
brought,7,0.0005276647067691844
offered,7,0.0005276647067691844
point,6,0.0004522840343735866
luxurious,6,0.0004522840343735866
upgrade,6,0.0004522840343735866
treat,6,0.0004522840343735866
pools,6,0.0004522840343735866
massage,6,0.0004522840343735866
expected,6,0.0004522840343735866
highlight,6,0.0004522840343735866
working,6,0.0004522840343735866
10th,6,0.0004522840343735866
towels,6,0.0004522840343735866
given,6,0.0004522840343735866
visiting,6,0.0004522840343735866
designed,6,0.0004522840343735866
closet,6,0.0004522840343735866
availability,6,0.0004522840343735866
terrible,6,0.0004522840343735866
euros,6,0.0004522840343735866
managed,6,0.0004522840343735866
waited,6,0.0004522840343735866
ugly,6,0.0004522840343735866
problem,6,0.0004522840343735866
free,6,0.0004522840343735866
heart,6,0.0004522840343735866
cold,6,0.0004522840343735866
called,6,0.0004522840343735866
offer,6,0.0004522840343735866
asked,6,0.0004522840343735866
selection,6,0.0004522840343735866
stop,6,0.0004522840343735866
literally,6,0.0004522840343735866
worked,6,0.0004522840343735866
online,6,0.0004522840343735866
looked,6,0.0004522840343735866
several,6,0.0004522840343735866
overpriced,6,0.0004522840343735866
sadly,6,0.0004522840343735866
travel,6,0.0004522840343735866
none,6,0.0004522840343735866
fun,6,0.0004522840343735866
provided,6,0.0004522840343735866
sleek,6,0.0004522840343735866
luggage,6,0.0004522840343735866
hour,6,0.0004522840343735866
fine,6,0.0004522840343735866
sauna,6,0.0004522840343735866
late,6,0.0004522840343735866
mostly,6,0.0004522840343735866
review,6,0.0004522840343735866
waterfront,6,0.0004522840343735866
quiet,6,0.0004522840343735866
care,6,0.0004522840343735866
getting,6,0.0004522840343735866
impeccable,6,0.0004522840343735866
seemed,6,0.0004522840343735866
wifi,6,0.0004522840343735866
sun,6,0.0004522840343735866
polite,6,0.0004522840343735866
station,6,0.0004522840343735866
huge,6,0.0004522840343735866
business,6,0.0004522840343735866
went,6,0.0004522840343735866
eclectic,6,0.0004522840343735866
pretty,6,0.0004522840343735866
anywhere,6,0.0004522840343735866
extra,6,0.0004522840343735866
yet,6,0.0004522840343735866
touches,6,0.0004522840343735866
waiters,6,0.0004522840343735866
overlooking,6,0.0004522840343735866
know,6,0.0004522840343735866
elegant,5,0.00037690336197798886
july,5,0.00037690336197798886
sea,5,0.00037690336197798886
major,5,0.00037690336197798886
walked,5,0.00037690336197798886
quarter,5,0.00037690336197798886
terrace,5,0.00037690336197798886
half,5,0.00037690336197798886
box,5,0.00037690336197798886
friends,5,0.00037690336197798886
air,5,0.00037690336197798886
terrific,5,0.00037690336197798886
saunas,5,0.00037690336197798886
per,5,0.00037690336197798886
valet,5,0.00037690336197798886
euro,5,0.00037690336197798886
italian,5,0.00037690336197798886
catch,5,0.00037690336197798886
historic,5,0.00037690336197798886
odd,5,0.00037690336197798886
attention,5,0.00037690336197798886
decent,5,0.00037690336197798886
ultra,5,0.00037690336197798886
almost,5,0.00037690336197798886
including,5,0.00037690336197798886
mario,5,0.00037690336197798886
understand,5,0.00037690336197798886
incredible,5,0.00037690336197798886
items,5,0.00037690336197798886
try,5,0.00037690336197798886
surprised,5,0.00037690336197798886
house,5,0.00037690336197798886
plenty,5,0.00037690336197798886
despite,5,0.00037690336197798886
twice,5,0.00037690336197798886
person,5,0.00037690336197798886
expectations,5,0.00037690336197798886
nicer,5,0.00037690336197798886
group,5,0.00037690336197798886
inside,5,0.00037690336197798886
alessandro,5,0.00037690336197798886
chose,5,0.00037690336197798886
forward,5,0.00037690336197798886
apparently,5,0.00037690336197798886
weather,5,0.00037690336197798886
world,5,0.00037690336197798886
class,5,0.00037690336197798886
possible,5,0.00037690336197798886
pastries,5,0.00037690336197798886
ideal,5,0.00037690336197798886
couple,5,0.00037690336197798886
decided,5,0.00037690336197798886
slippers,5,0.00037690336197798886
hospitality,5,0.00037690336197798886
expect,5,0.00037690336197798886
properly,5,0.00037690336197798886
shuttle,5,0.00037690336197798886
beluga,5,0.00037690336197798886
pleased,5,0.00037690336197798886
clothes,5,0.00037690336197798886
considering,5,0.00037690336197798886
pillows,5,0.00037690336197798886
soon,5,0.00037690336197798886
photos,5,0.00037690336197798886
things,5,0.00037690336197798886
basically,5,0.00037690336197798886
reservations,5,0.00037690336197798886
since,5,0.00037690336197798886
clearly,5,0.00037690336197798886
pieces,5,0.00037690336197798886
efficient,5,0.00037690336197798886
received,5,0.00037690336197798886
someone,5,0.00037690336197798886
pompeii,5,0.00037690336197798886
comfy,5,0.00037690336197798886
met,5,0.00037690336197798886
common,5,0.00037690336197798886
safe,5,0.00037690336197798886
dark,5,0.00037690336197798886
customer,5,0.00037690336197798886
industrial,5,0.00037690336197798886
believe,5,0.00037690336197798886
probably,5,0.00037690336197798886
reservation,5,0.00037690336197798886
accommodate,5,0.00037690336197798886
downstairs,5,0.00037690336197798886
sent,5,0.00037690336197798886
islands,5,0.00037690336197798886
bottle,5,0.00037690336197798886
beginning,5,0.00037690336197798886
centre,5,0.00037690336197798886
bath,5,0.00037690336197798886
type,5,0.00037690336197798886
change,5,0.00037690336197798886
reviews,5,0.00037690336197798886
comfort,5,0.00037690336197798886
marina,5,0.00037690336197798886
showed,5,0.00037690336197798886
either,4,0.00030152268958239106
improvement,4,0.00030152268958239106
heading,4,0.00030152268958239106
quirky,4,0.00030152268958239106
vesuvio,4,0.00030152268958239106
doors,4,0.00030152268958239106
stuff,4,0.00030152268958239106
certainly,4,0.00030152268958239106
departure,4,0.00030152268958239106
done,4,0.00030152268958239106
style,4,0.00030152268958239106
welcomed,4,0.00030152268958239106
note,4,0.00030152268958239106
bright,4,0.00030152268958239106
request,4,0.00030152268958239106
employees,4,0.00030152268958239106
conveniently,4,0.00030152268958239106
dirty,4,0.00030152268958239106
mrs,4,0.00030152268958239106
plunge,4,0.00030152268958239106
knew,4,0.00030152268958239106
choose,4,0.00030152268958239106
greeted,4,0.00030152268958239106
waiting,4,0.00030152268958239106
awesome,4,0.00030152268958239106
touch,4,0.00030152268958239106
tell,4,0.00030152268958239106
experienced,4,0.00030152268958239106
automatic,4,0.00030152268958239106
credit,4,0.00030152268958239106
priced,4,0.00030152268958239106
turns,4,0.00030152268958239106
please,4,0.00030152268958239106
typical,4,0.00030152268958239106
whole,4,0.00030152268958239106
brand,4,0.00030152268958239106
weekend,4,0.00030152268958239106
based,4,0.00030152268958239106
private,4,0.00030152268958239106
hand,4,0.00030152268958239106
job,4,0.00030152268958239106
charge,4,0.00030152268958239106
trouble,4,0.00030152268958239106
gracious,4,0.00030152268958239106
complimentary,4,0.00030152268958239106
worst,4,0.00030152268958239106
proximity,4,0.00030152268958239106
king,4,0.00030152268958239106
exceeded,4,0.00030152268958239106
bonus,4,0.00030152268958239106
bring,4,0.00030152268958239106
disappointment,4,0.00030152268958239106
facility,4,0.00030152268958239106
particularly,4,0.00030152268958239106
saw,4,0.00030152268958239106
region,4,0.00030152268958239106
proofing,4,0.00030152268958239106
sound,4,0.00030152268958239106
tour,4,0.00030152268958239106
explore,4,0.00030152268958239106
prior,4,0.00030152268958239106
architecture,4,0.00030152268958239106
let,4,0.00030152268958239106
features,4,0.00030152268958239106
leaving,4,0.00030152268958239106
hard,4,0.00030152268958239106
encountered,4,0.00030152268958239106
buildings,4,0.00030152268958239106
difficult,4,0.00030152268958239106
pictures,4,0.00030152268958239106
name,4,0.00030152268958239106
already,4,0.00030152268958239106
favorite,4,0.00030152268958239106
year,4,0.00030152268958239106
cocktails,4,0.00030152268958239106
member,4,0.00030152268958239106
spoke,4,0.00030152268958239106
rude,4,0.00030152268958239106
wow,4,0.00030152268958239106
weeks,4,0.00030152268958239106
jacuzzi,4,0.00030152268958239106
ate,4,0.00030152268958239106
phone,4,0.00030152268958239106
treatment,4,0.00030152268958239106
chic,4,0.00030152268958239106
comment,4,0.00030152268958239106
willing,4,0.00030152268958239106
surprise,4,0.00030152268958239106
issue,4,0.00030152268958239106
public,4,0.00030152268958239106
slow,4,0.00030152268958239106
experiences,4,0.00030152268958239106
100,4,0.00030152268958239106
anyone,4,0.00030152268958239106
unique,4,0.00030152268958239106
might,4,0.00030152268958239106
attractive,4,0.00030152268958239106
nearby,4,0.00030152268958239106
danilo,4,0.00030152268958239106
together,4,0.00030152268958239106
checked,4,0.00030152268958239106
stood,4,0.00030152268958239106
single,4,0.00030152268958239106
level,4,0.00030152268958239106
side,4,0.00030152268958239106
finally,4,0.00030152268958239106
window,4,0.00030152268958239106
lack,4,0.00030152268958239106
trips,4,0.00030152268958239106
run,4,0.00030152268958239106
gulf,4,0.00030152268958239106
general,4,0.00030152268958239106
points,4,0.00030152268958239106
goes,4,0.00030152268958239106
details,4,0.00030152268958239106
mattress,4,0.00030152268958239106
situated,4,0.00030152268958239106
behind,4,0.00030152268958239106
atmosphere,4,0.00030152268958239106
likely,4,0.00030152268958239106
mini,4,0.00030152268958239106
number,4,0.00030152268958239106
mediocre,4,0.00030152268958239106
larger,4,0.00030152268958239106
selected,4,0.00030152268958239106
european,4,0.00030152268958239106
set,4,0.00030152268958239106
immediately,4,0.00030152268958239106
advantage,4,0.00030152268958239106
vacation,4,0.00030152268958239106
sfogliatella,4,0.00030152268958239106
centrally,4,0.00030152268958239106
read,4,0.00030152268958239106
maintained,4,0.00030152268958239106
card,4,0.00030152268958239106
cab,4,0.00030152268958239106
speak,4,0.00030152268958239106
furnishings,3,0.0002261420171867933
machine,3,0.0002261420171867933
suggestions,3,0.0002261420171867933
else,3,0.0002261420171867933
pain,3,0.0002261420171867933
charged,3,0.0002261420171867933
gets,3,0.0002261420171867933
fancy,3,0.0002261420171867933
whilst,3,0.0002261420171867933
mix,3,0.0002261420171867933
talk,3,0.0002261420171867933
sightseeing,3,0.0002261420171867933
rating,3,0.0002261420171867933
giant,3,0.0002261420171867933
sandwich,3,0.0002261420171867933
chaotic,3,0.0002261420171867933
fast,3,0.0002261420171867933
tasty,3,0.0002261420171867933
auto,3,0.0002261420171867933
sights,3,0.0002261420171867933
third,3,0.0002261420171867933
decoration,3,0.0002261420171867933
setting,3,0.0002261420171867933
totally,3,0.0002261420171867933
starred,3,0.0002261420171867933
ordered,3,0.0002261420171867933
lady,3,0.0002261420171867933
written,3,0.0002261420171867933
organized,3,0.0002261420171867933
described,3,0.0002261420171867933
bustling,3,0.0002261420171867933
seem,3,0.0002261420171867933
lie,3,0.0002261420171867933
mins,3,0.0002261420171867933
amex,3,0.0002261420171867933
sorry,3,0.0002261420171867933
procida,3,0.0002261420171867933
foods,3,0.0002261420171867933
antonio,3,0.0002261420171867933
loungers,3,0.0002261420171867933
include,3,0.0002261420171867933
imagine,3,0.0002261420171867933
often,3,0.0002261420171867933
starting,3,0.0002261420171867933
blue,3,0.0002261420171867933
liked,3,0.0002261420171867933
added,3,0.0002261420171867933
wide,3,0.0002261420171867933
multiple,3,0.0002261420171867933
earlier,3,0.0002261420171867933
non,3,0.0002261420171867933
ladies,3,0.0002261420171867933
trying,3,0.0002261420171867933
construction,3,0.0002261420171867933
degrees,3,0.0002261420171867933
opportunity,3,0.0002261420171867933
placed,3,0.0002261420171867933
rather,3,0.0002261420171867933
motion,3,0.0002261420171867933
shops,3,0.0002261420171867933
tight,3,0.0002261420171867933
immediate,3,0.0002261420171867933
specifically,3,0.0002261420171867933
dinning,3,0.0002261420171867933
longer,3,0.0002261420171867933
upscale,3,0.0002261420171867933
perfectly,3,0.0002261420171867933
storage,3,0.0002261420171867933
bedside,3,0.0002261420171867933
maintenance,3,0.0002261420171867933
metro,3,0.0002261420171867933
walls,3,0.0002261420171867933
average,3,0.0002261420171867933
min,3,0.0002261420171867933
sliding,3,0.0002261420171867933
salad,3,0.0002261420171867933
saying,3,0.0002261420171867933
base,3,0.0002261420171867933
seems,3,0.0002261420171867933
created,3,0.0002261420171867933
egg,3,0.0002261420171867933
pricey,3,0.0002261420171867933
contemporary,3,0.0002261420171867933
piazza,3,0.0002261420171867933
arrangements,3,0.0002261420171867933
rome,3,0.0002261420171867933
spanish,3,0.0002261420171867933
dream,3,0.0002261420171867933
error,3,0.0002261420171867933
types,3,0.0002261420171867933
doorman,3,0.0002261420171867933
knowledgeable,3,0.0002261420171867933
splendid,3,0.0002261420171867933
alone,3,0.0002261420171867933
maybe,3,0.0002261420171867933
midnight,3,0.0002261420171867933
explained,3,0.0002261420171867933
cities,3,0.0002261420171867933
noise,3,0.0002261420171867933
prompt,3,0.0002261420171867933
staffs,3,0.0002261420171867933
reasonably,3,0.0002261420171867933
chocolate,3,0.0002261420171867933
thrilled,3,0.0002261420171867933
fulfilled,3,0.0002261420171867933
promenade,3,0.0002261420171867933
requests,3,0.0002261420171867933
missed,3,0.0002261420171867933
happen,3,0.0002261420171867933
pressure,3,0.0002261420171867933
boat,3,0.0002261420171867933
cleaned,3,0.0002261420171867933
row,3,0.0002261420171867933
coming,3,0.0002261420171867933
adequate,3,0.0002261420171867933
switches,3,0.0002261420171867933
downside,3,0.0002261420171867933
may,3,0.0002261420171867933
prosecco,3,0.0002261420171867933
receive,3,0.0002261420171867933
japanese,3,0.0002261420171867933
sink,3,0.0002261420171867933
grazie,3,0.0002261420171867933
locations,3,0.0002261420171867933
means,3,0.0002261420171867933
attractions,3,0.0002261420171867933
emailed,3,0.0002261420171867933
downtown,3,0.0002261420171867933
floors,3,0.0002261420171867933
miss,3,0.0002261420171867933
strange,3,0.0002261420171867933
daughter,3,0.0002261420171867933
split,3,0.0002261420171867933
smooth,3,0.0002261420171867933
ride,3,0.0002261420171867933
gritty,3,0.0002261420171867933
takes,3,0.0002261420171867933
call,3,0.0002261420171867933
spending,3,0.0002261420171867933
shout,3,0.0002261420171867933
rest,3,0.0002261420171867933
spotless,3,0.0002261420171867933
figure,3,0.0002261420171867933
ischia,3,0.0002261420171867933
positano,3,0.0002261420171867933
ways,3,0.0002261420171867933
europe,3,0.0002261420171867933
range,3,0.0002261420171867933
dock,3,0.0002261420171867933
roll,3,0.0002261420171867933
seeing,3,0.0002261420171867933
immaculate,3,0.0002261420171867933
standards,3,0.0002261420171867933
young,3,0.0002261420171867933
activities,3,0.0002261420171867933
adult,3,0.0002261420171867933
taste,3,0.0002261420171867933
low,3,0.0002261420171867933
friendliness,3,0.0002261420171867933
rough,3,0.0002261420171867933
makes,3,0.0002261420171867933
arranged,3,0.0002261420171867933
office,3,0.0002261420171867933
month,3,0.0002261420171867933
chiara,3,0.0002261420171867933
outdoor,3,0.0002261420171867933
tasting,3,0.0002261420171867933
compact,3,0.0002261420171867933
real,3,0.0002261420171867933
pleasure,3,0.0002261420171867933
renovations,3,0.0002261420171867933
brilliant,3,0.0002261420171867933
suitcases,3,0.0002261420171867933
sweet,3,0.0002261420171867933
def,3,0.0002261420171867933
live,3,0.0002261420171867933
started,3,0.0002261420171867933
drawers,3,0.0002261420171867933
snacks,3,0.0002261420171867933
bags,3,0.0002261420171867933
warehouse,3,0.0002261420171867933
heat,3,0.0002261420171867933
directly,3,0.0002261420171867933
looks,3,0.0002261420171867933
windows,3,0.0002261420171867933
curtains,3,0.0002261420171867933
give,3,0.0002261420171867933
smiling,3,0.0002261420171867933
perks,3,0.0002261420171867933
provide,3,0.0002261420171867933
hyatt,3,0.0002261420171867933
easily,3,0.0002261420171867933
picked,3,0.0002261420171867933
returned,3,0.0002261420171867933
reason,3,0.0002261420171867933
later,3,0.0002261420171867933
vibrant,3,0.0002261420171867933
salt,3,0.0002261420171867933
simply,3,0.0002261420171867933
breakfasts,3,0.0002261420171867933
warmth,3,0.0002261420171867933
yes,3,0.0002261420171867933
fresh,3,0.0002261420171867933
clothing,3,0.0002261420171867933
surroundings,3,0.0002261420171867933
designer,3,0.0002261420171867933
comments,3,0.0002261420171867933
pizza,3,0.0002261420171867933
parts,3,0.0002261420171867933
cheese,3,0.0002261420171867933
competent,3,0.0002261420171867933
elsewhere,3,0.0002261420171867933
serves,3,0.0002261420171867933
friend,3,0.0002261420171867933
massive,2,0.00015076134479119553
testing,2,0.00015076134479119553
knows,2,0.00015076134479119553
basic,2,0.00015076134479119553
molo,2,0.00015076134479119553
gentleman,2,0.00015076134479119553
temperature,2,0.00015076134479119553
thermostat,2,0.00015076134479119553
c19,2,0.00015076134479119553
heated,2,0.00015076134479119553
conditioned,2,0.00015076134479119553
bus,2,0.00015076134479119553
heavy,2,0.00015076134479119553
lets,2,0.00015076134479119553
opening,2,0.00015076134479119553
drive,2,0.00015076134479119553
nominated,2,0.00015076134479119553
wet,2,0.00015076134479119553
detail,2,0.00015076134479119553
funky,2,0.00015076134479119553
honored,2,0.00015076134479119553
vegetarian,2,0.00015076134479119553
accept,2,0.00015076134479119553
past,2,0.00015076134479119553
dine,2,0.00015076134479119553
ensure,2,0.00015076134479119553
relaxed,2,0.00015076134479119553
winter,2,0.00015076134479119553
beat,2,0.00015076134479119553
offering,2,0.00015076134479119553
mention,2,0.00015076134479119553
honest,2,0.00015076134479119553
importantly,2,0.00015076134479119553
chiaia,2,0.00015076134479119553
palace,2,0.00015076134479119553
royal,2,0.00015076134479119553
wants,2,0.00015076134479119553
smart,2,0.00015076134479119553
minus,2,0.00015076134479119553
assistance,2,0.00015076134479119553
towards,2,0.00015076134479119553
season,2,0.00015076134479119553
cleanliness,2,0.00015076134479119553
wished,2,0.00015076134479119553
roomy,2,0.00015076134479119553
shows,2,0.00015076134479119553
whenever,2,0.00015076134479119553
stroll,2,0.00015076134479119553
taken,2,0.00015076134479119553
management,2,0.00015076134479119553
contrast,2,0.00015076134479119553
higher,2,0.00015076134479119553
adjusted,2,0.00015076134479119553
slh,2,0.00015076134479119553
show,2,0.00015076134479119553
unusual,2,0.00015076134479119553
showing,2,0.00015076134479119553
traveler,2,0.00015076134479119553
entry,2,0.00015076134479119553
fault,2,0.00015076134479119553
relaxation,2,0.00015076134479119553
passport,2,0.00015076134479119553
ahead,2,0.00015076134479119553
daniella,2,0.00015076134479119553
complicated,2,0.00015076134479119553
luka,2,0.00015076134479119553
paying,2,0.00015076134479119553
impressed,2,0.00015076134479119553
nowhere,2,0.00015076134479119553
sensor,2,0.00015076134479119553
weird,2,0.00015076134479119553
forget,2,0.00015076134479119553
belongings,2,0.00015076134479119553
normal,2,0.00015076134479119553
addition,2,0.00015076134479119553
disclosed,2,0.00015076134479119553
knowledge,2,0.00015076134479119553
discovered,2,0.00015076134479119553
loud,2,0.00015076134479119553
toiletries,2,0.00015076134479119553
hectic,2,0.00015076134479119553
life,2,0.00015076134479119553
products,2,0.00015076134479119553
serene,2,0.00015076134479119553
helpfull,2,0.00015076134479119553
solid,2,0.00015076134479119553
feeling,2,0.00015076134479119553
cleaning,2,0.00015076134479119553
supposed,2,0.00015076134479119553
magical,2,0.00015076134479119553
travellers,2,0.00015076134479119553
convenience,2,0.00015076134479119553
bell,2,0.00015076134479119553
stuck,2,0.00015076134479119553
fillippo,2,0.00015076134479119553
walkable,2,0.00015076134479119553
tier,2,0.00015076134479119553
20mins,2,0.00015076134479119553
move,2,0.00015076134479119553
mixed,2,0.00015076134479119553
plebiscito,2,0.00015076134479119553
nicola,2,0.00015076134479119553
calling,2,0.00015076134479119553
ran,2,0.00015076134479119553
deserves,2,0.00015076134479119553
treated,2,0.00015076134479119553
soap,2,0.00015076134479119553
passports,2,0.00015076134479119553
reasonable,2,0.00015076134479119553
answer,2,0.00015076134479119553
hands,2,0.00015076134479119553
gives,2,0.00015076134479119553
position,2,0.00015076134479119553
historical,2,0.00015076134479119553
robes,2,0.00015076134479119553
upto,2,0.00015076134479119553
delicacies,2,0.00015076134479119553
neapolitan,2,0.00015076134479119553
nicest,2,0.00015076134479119553
children,2,0.00015076134479119553
games,2,0.00015076134479119553
plans,2,0.00015076134479119553
play,2,0.00015076134479119553
notice,2,0.00015076134479119553
sit,2,0.00015076134479119553
music,2,0.00015076134479119553
regards,2,0.00015076134479119553
escape,2,0.00015076134479119553
services,2,0.00015076134479119553
elevator,2,0.00015076134479119553
serve,2,0.00015076134479119553
surrounding,2,0.00015076134479119553
traffic,2,0.00015076134479119553
versuvius,2,0.00015076134479119553
cream,2,0.00015076134479119553
holiday,2,0.00015076134479119553
panoramic,2,0.00015076134479119553
stopover,2,0.00015076134479119553
dip,2,0.00015076134479119553
appreciate,2,0.00015076134479119553
industrious,2,0.00015076134479119553
mille,2,0.00015076134479119553
refreshing,2,0.00015076134479119553
del,2,0.00015076134479119553
outskirts,2,0.00015076134479119553
six,2,0.00015076134479119553
neglected,2,0.00015076134479119553
packed,2,0.00015076134479119553
wines,2,0.00015076134479119553
zen,2,0.00015076134479119553
bistro,2,0.00015076134479119553
casual,2,0.00015076134479119553
shame,2,0.00015076134479119553
neighborhood,2,0.00015076134479119553
hydrofoils,2,0.00015076134479119553
key,2,0.00015076134479119553
tourist,2,0.00015076134479119553
furniture,2,0.00015076134479119553
fab,2,0.00015076134479119553
maximum,2,0.00015076134479119553
negative,2,0.00015076134479119553
careful,2,0.00015076134479119553
presented,2,0.00015076134479119553
balcony,2,0.00015076134479119553
receptionist,2,0.00015076134479119553
meet,2,0.00015076134479119553
function,2,0.00015076134479119553
ciro,2,0.00015076134479119553
aura,2,0.00015076134479119553
oriented,2,0.00015076134479119553
eaten,2,0.00015076134479119553
tastefully,2,0.00015076134479119553
frankly,2,0.00015076134479119553
recently,2,0.00015076134479119553
pasta,2,0.00015076134479119553
containers,2,0.00015076134479119553
various,2,0.00015076134479119553
disappoint,2,0.00015076134479119553
asking,2,0.00015076134479119553
failed,2,0.00015076134479119553
valuable,2,0.00015076134479119553
watching,2,0.00015076134479119553
important,2,0.00015076134479119553
flying,2,0.00015076134479119553
assume,2,0.00015076134479119553
district,2,0.00015076134479119553
tech,2,0.00015076134479119553
traveling,2,0.00015076134479119553
conditioning,2,0.00015076134479119553
true,2,0.00015076134479119553
warmly,2,0.00015076134479119553
complained,2,0.00015076134479119553
garden,2,0.00015076134479119553
cactus,2,0.00015076134479119553
years,2,0.00015076134479119553
checking,2,0.00015076134479119553
2nd,2,0.00015076134479119553
roman,2,0.00015076134479119553
scenic,2,0.00015076134479119553
decorated,2,0.00015076134479119553
confortable,2,0.00015076134479119553
gem,2,0.00015076134479119553
finding,2,0.00015076134479119553
board,2,0.00015076134479119553
fish,2,0.00015076134479119553
kids,2,0.00015076134479119553
adjacent,2,0.00015076134479119553
obviously,2,0.00015076134479119553
inviting,2,0.00015076134479119553
fully,2,0.00015076134479119553
snack,2,0.00015076134479119553
30am,2,0.00015076134479119553
south,2,0.00015076134479119553
spaces,2,0.00015076134479119553
activated,2,0.00015076134479119553
smoke,2,0.00015076134479119553
advance,2,0.00015076134479119553
smell,2,0.00015076134479119553
surely,2,0.00015076134479119553
otherwise,2,0.00015076134479119553
terminals,2,0.00015076134479119553
list,2,0.00015076134479119553
ready,2,0.00015076134479119553
particular,2,0.00015076134479119553
fairly,2,0.00015076134479119553
pastry,2,0.00015076134479119553
tastes,2,0.00015076134479119553
eating,2,0.00015076134479119553
spot,2,0.00015076134479119553
sleeping,2,0.00015076134479119553
industry,2,0.00015076134479119553
simple,2,0.00015076134479119553
frosted,2,0.00015076134479119553
boats,2,0.00015076134479119553
sometimes,2,0.00015076134479119553
feels,2,0.00015076134479119553
brown,2,0.00015076134479119553
weights,2,0.00015076134479119553
members,2,0.00015076134479119553
watched,2,0.00015076134479119553
barely,2,0.00015076134479119553
transport,2,0.00015076134479119553
1000,2,0.00015076134479119553
pointed,2,0.00015076134479119553
form,2,0.00015076134479119553
campania,2,0.00015076134479119553
blocks,2,0.00015076134479119553
cute,2,0.00015076134479119553
date,2,0.00015076134479119553
crowded,2,0.00015076134479119553
purpose,2,0.00015076134479119553
issues,2,0.00015076134479119553
photo,2,0.00015076134479119553
ambiance,2,0.00015076134479119553
generally,2,0.00015076134479119553
afternoon,2,0.00015076134479119553
double,2,0.00015076134479119553
allows,2,0.00015076134479119553
explain,2,0.00015076134479119553
personality,2,0.00015076134479119553
gallery,2,0.00015076134479119553
december,2,0.00015076134479119553
planned,2,0.00015076134479119553
excuse,2,0.00015076134479119553
vibe,2,0.00015076134479119553
impossible,2,0.00015076134479119553
georgio,2,0.00015076134479119553
elements,2,0.00015076134479119553
child,2,0.00015076134479119553
nearly,2,0.00015076134479119553
ridiculous,2,0.00015076134479119553
reliable,2,0.00015076134479119553
previously,2,0.00015076134479119553
somewhat,2,0.00015076134479119553
glad,2,0.00015076134479119553
fittings,2,0.00015076134479119553
dated,2,0.00015076134479119553
imo,2,0.00015076134479119553
caring,2,0.00015076134479119553
club,2,0.00015076134479119553
bits,2,0.00015076134479119553
reaching,2,0.00015076134479119553
partner,2,0.00015076134479119553
darkness,2,0.00015076134479119553
random,2,0.00015076134479119553
reserved,2,0.00015076134479119553
varied,2,0.00015076134479119553
speaks,2,0.00015076134479119553
accompanied,2,0.00015076134479119553
poached,2,0.00015076134479119553
doormen,2,0.00015076134479119553
genuinely,2,0.00015076134479119553
extensive,2,0.00015076134479119553
empty,2,0.00015076134479119553
hallways,2,0.00015076134479119553
noisy,2,0.00015076134479119553
line,2,0.00015076134479119553
fascinating,2,0.00015076134479119553
excited,2,0.00015076134479119553
eager,2,0.00015076134479119553
cheap,2,0.00015076134479119553
rain,2,0.00015076134479119553
smoothie,2,0.00015076134479119553
traveled,2,0.00015076134479119553
lives,2,0.00015076134479119553
fixtures,2,0.00015076134479119553
400,2,0.00015076134479119553
personal,2,0.00015076134479119553
swimming,2,0.00015076134479119553
prices,2,0.00015076134479119553
cut,2,0.00015076134479119553
insufficient,2,0.00015076134479119553
towel,2,0.00015076134479119553
annoying,2,0.00015076134479119553
movement,2,0.00015076134479119553
romantic,2,0.00015076134479119553
control,2,0.00015076134479119553
leaves,2,0.00015076134479119553
works,2,0.00015076134479119553
quickly,2,0.00015076134479119553
usual,2,0.00015076134479119553
smith,2,0.00015076134479119553
slept,2,0.00015076134479119553
waterfall,2,0.00015076134479119553
bottled,2,0.00015076134479119553
meals,2,0.00015076134479119553
communicating,2,0.00015076134479119553
positive,2,0.00015076134479119553
interacted,2,0.00015076134479119553
events,2,0.00015076134479119553
exotic,2,0.00015076134479119553
marks,2,0.00015076134479119553
luke,2,0.00015076134479119553
entrance,2,0.00015076134479119553
stuffy,2,0.00015076134479119553
iron,2,0.00015076134479119553
popular,2,0.00015076134479119553
ironing,2,0.00015076134479119553
bread,2,0.00015076134479119553
privacy,2,0.00015076134479119553
tours,2,0.00015076134479119553
200,2,0.00015076134479119553
chill,2,0.00015076134479119553
complex,2,0.00015076134479119553
hardly,2,0.00015076134479119553
edges,2,0.00015076134479119553
older,2,0.00015076134479119553
calls,2,0.00015076134479119553
pace,2,0.00015076134479119553
woman,2,0.00015076134479119553
reasons,2,0.00015076134479119553
future,2,0.00015076134479119553
deck,2,0.00015076134479119553
shocked,2,0.00015076134479119553
notification,2,0.00015076134479119553
associated,2,0.00015076134479119553
thoughtful,2,0.00015076134479119553
statues,2,0.00015076134479119553
vanity,2,0.00015076134479119553
drag,2,0.00015076134479119553
sockets,2,0.00015076134479119553
electric,2,0.00015076134479119553
ten,2,0.00015076134479119553
feature,2,0.00015076134479119553
extent,2,0.00015076134479119553
communication,2,0.00015076134479119553
namely,2,0.00015076134479119553
disturb,2,0.00015076134479119553
category,2,0.00015076134479119553
cocktail,2,0.00015076134479119553
today,2,0.00015076134479119553
straight,2,0.00015076134479119553
amount,2,0.00015076134479119553
panel,2,0.00015076134479119553
generously,2,0.00015076134479119553
largest,2,0.00015076134479119553
lounge,2,0.00015076134479119553
evenings,2,0.00015076134479119553
following,2,0.00015076134479119553
travelling,2,0.00015076134479119553
cacti,2,0.00015076134479119553
generosity,2,0.00015076134479119553
hesitation,2,0.00015076134479119553
accommodation,2,0.00015076134479119553
courteous,2,0.00015076134479119553
throw,2,0.00015076134479119553
girlfriend,2,0.00015076134479119553
add,2,0.00015076134479119553
round,2,0.00015076134479119553
wrong,2,0.00015076134479119553
bigger,2,0.00015076134479119553
absolute,2,0.00015076134479119553
giovanni,2,0.00015076134479119553
lucky,2,0.00015076134479119553
dust,2,0.00015076134479119553
configuration,2,0.00015076134479119553
foosball,2,0.00015076134479119553
smaller,2,0.00015076134479119553
husbands,2,0.00015076134479119553
covers,2,0.00015076134479119553
ample,2,0.00015076134479119553
deceiving,2,0.00015076134479119553
sense,2,0.00015076134479119553
case,2,0.00015076134479119553
article,2,0.00015076134479119553
classy,2,0.00015076134479119553
cards,2,0.00015076134479119553
stressful,2,0.00015076134479119553
couples,2,0.00015076134479119553
breathtaking,2,0.00015076134479119553
allowed,2,0.00015076134479119553
opposite,2,0.00015076134479119553
store,2,0.00015076134479119553
ago,2,0.00015076134479119553
premium,2,0.00015076134479119553
updated,2,0.00015076134479119553
cubicle,2,0.00015076134479119553
attached,2,0.00015076134479119553
ipad,2,0.00015076134479119553
keep,2,0.00015076134479119553
mentioned,2,0.00015076134479119553
underneath,2,0.00015076134479119553
greeting,2,0.00015076134479119553
poolside,2,0.00015076134479119553
deserve,2,0.00015076134479119553
chosen,2,0.00015076134479119553
assist,2,0.00015076134479119553
pear,1,7.538067239559776e-05
attorno,1,7.538067239559776e-05
appunto,1,7.538067239559776e-05
grand,1,7.538067239559776e-05
causes,1,7.538067239559776e-05
realized,1,7.538067239559776e-05
helping,1,7.538067239559776e-05
waterfalls,1,7.538067239559776e-05
tutto,1,7.538067239559776e-05
shallow,1,7.538067239559776e-05
mirrored,1,7.538067239559776e-05
invitante,1,7.538067239559776e-05
suffice,1,7.538067239559776e-05
snd,1,7.538067239559776e-05
recover,1,7.538067239559776e-05
carte,1,7.538067239559776e-05
saturday,1,7.538067239559776e-05
broke,1,7.538067239559776e-05
mns,1,7.538067239559776e-05
juice,1,7.538067239559776e-05
nuce,1,7.538067239559776e-05
wowed,1,7.538067239559776e-05
confronted,1,7.538067239559776e-05
chairs,1,7.538067239559776e-05
information,1,7.538067239559776e-05
commended,1,7.538067239559776e-05
providing,1,7.538067239559776e-05
sweeps,1,7.538067239559776e-05
model,1,7.538067239559776e-05
tante,1,7.538067239559776e-05
sfaccettature,1,7.538067239559776e-05
mat,1,7.538067239559776e-05
zona,1,7.538067239559776e-05
shined,1,7.538067239559776e-05
porto,1,7.538067239559776e-05
flush,1,7.538067239559776e-05
sude,1,7.538067239559776e-05
listed,1,7.538067239559776e-05
aspect,1,7.538067239559776e-05
però,1,7.538067239559776e-05
opens,1,7.538067239559776e-05
thete,1,7.538067239559776e-05
inexpensive,1,7.538067239559776e-05
aroubd,1,7.538067239559776e-05
fountain,1,7.538067239559776e-05
tra,1,7.538067239559776e-05
splash,1,7.538067239559776e-05
più,1,7.538067239559776e-05
curate,1,7.538067239559776e-05
enter,1,7.538067239559776e-05
scratched,1,7.538067239559776e-05
belle,1,7.538067239559776e-05
parked,1,7.538067239559776e-05
roadside,1,7.538067239559776e-05
anticipated,1,7.538067239559776e-05
traditional,1,7.538067239559776e-05
pole,1,7.538067239559776e-05
phiippo,1,7.538067239559776e-05
outrageous,1,7.538067239559776e-05
politely,1,7.538067239559776e-05
kinda,1,7.538067239559776e-05
excruciating,1,7.538067239559776e-05
slvia,1,7.538067239559776e-05
mattered,1,7.538067239559776e-05
functioning,1,7.538067239559776e-05
justify,1,7.538067239559776e-05
confirmation,1,7.538067239559776e-05
humoured,1,7.538067239559776e-05
visuvius,1,7.538067239559776e-05
warranted,1,7.538067239559776e-05
lateness,1,7.538067239559776e-05
halt,1,7.538067239559776e-05
therapist,1,7.538067239559776e-05
focused,1,7.538067239559776e-05
tip,1,7.538067239559776e-05
generous,1,7.538067239559776e-05
expedia,1,7.538067239559776e-05
proof,1,7.538067239559776e-05
ferrys,1,7.538067239559776e-05
picturesque,1,7.538067239559776e-05
1989,1,7.538067239559776e-05
horribly,1,7.538067239559776e-05
cars,1,7.538067239559776e-05
benefits,1,7.538067239559776e-05
directions,1,7.538067239559776e-05
blocking,1,7.538067239559776e-05
showering,1,7.538067239559776e-05
total,1,7.538067239559776e-05
foot,1,7.538067239559776e-05
norm,1,7.538067239559776e-05
inexplicably,1,7.538067239559776e-05
sejour,1,7.538067239559776e-05
spaciuos,1,7.538067239559776e-05
multi,1,7.538067239559776e-05
stared,1,7.538067239559776e-05
fhr,1,7.538067239559776e-05
gesture,1,7.538067239559776e-05
delivery,1,7.538067239559776e-05
ended,1,7.538067239559776e-05
speed,1,7.538067239559776e-05
assumed,1,7.538067239559776e-05
hugely,1,7.538067239559776e-05
ripped,1,7.538067239559776e-05
agreed,1,7.538067239559776e-05
awakening,1,7.538067239559776e-05
360,1,7.538067239559776e-05
repairs,1,7.538067239559776e-05
dissuesd,1,7.538067239559776e-05
metal,1,7.538067239559776e-05
copy,1,7.538067239559776e-05
tower,1,7.538067239559776e-05
champagne,1,7.538067239559776e-05
hate,1,7.538067239559776e-05
insistence,1,7.538067239559776e-05
cellar,1,7.538067239559776e-05
città,1,7.538067239559776e-05
drapes,1,7.538067239559776e-05
cardio,1,7.538067239559776e-05
cruising,1,7.538067239559776e-05
catching,1,7.538067239559776e-05
built,1,7.538067239559776e-05
pained,1,7.538067239559776e-05
owner,1,7.538067239559776e-05
knock,1,7.538067239559776e-05
downhill,1,7.538067239559776e-05
motorized,1,7.538067239559776e-05
owning,1,7.538067239559776e-05
product,1,7.538067239559776e-05
seat,1,7.538067239559776e-05
controls,1,7.538067239559776e-05
filling,1,7.538067239559776e-05
instance,1,7.538067239559776e-05
struggled,1,7.538067239559776e-05
bothered,1,7.538067239559776e-05
3000,1,7.538067239559776e-05
decadent,1,7.538067239559776e-05
foyer,1,7.538067239559776e-05
plate,1,7.538067239559776e-05
cart,1,7.538067239559776e-05
jobs,1,7.538067239559776e-05
salmon,1,7.538067239559776e-05
fizz,1,7.538067239559776e-05
carb,1,7.538067239559776e-05
sugary,1,7.538067239559776e-05
asian,1,7.538067239559776e-05
actual,1,7.538067239559776e-05
sell,1,7.538067239559776e-05
seafood,1,7.538067239559776e-05
presentation,1,7.538067239559776e-05
timed,1,7.538067239559776e-05
passable,1,7.538067239559776e-05
350,1,7.538067239559776e-05
nearness,1,7.538067239559776e-05
baroque,1,7.538067239559776e-05
response,1,7.538067239559776e-05
7000,1,7.538067239559776e-05
holds,1,7.538067239559776e-05
bunch,1,7.538067239559776e-05
disputed,1,7.538067239559776e-05
owners,1,7.538067239559776e-05
punchy,1,7.538067239559776e-05
consider,1,7.538067239559776e-05
fancier,1,7.538067239559776e-05
beverello,1,7.538067239559776e-05
lines,1,7.538067239559776e-05
bartender,1,7.538067239559776e-05
unresponsive,1,7.538067239559776e-05
charging,1,7.538067239559776e-05
excursion,1,7.538067239559776e-05
rarely,1,7.538067239559776e-05
trust,1,7.538067239559776e-05
classical,1,7.538067239559776e-05
commanding,1,7.538067239559776e-05
overcast,1,7.538067239559776e-05
pompous,1,7.538067239559776e-05
compromise,1,7.538067239559776e-05
company,1,7.538067239559776e-05
dimming,1,7.538067239559776e-05
face,1,7.538067239559776e-05
extraordinarily,1,7.538067239559776e-05
build,1,7.538067239559776e-05
delight,1,7.538067239559776e-05
desired,1,7.538067239559776e-05
refreshments,1,7.538067239559776e-05
customers,1,7.538067239559776e-05
plunges,1,7.538067239559776e-05
layout,1,7.538067239559776e-05
displays,1,7.538067239559776e-05
surrondings,1,7.538067239559776e-05
regulate,1,7.538067239559776e-05
pompey,1,7.538067239559776e-05
herculaneum,1,7.538067239559776e-05
physician,1,7.538067239559776e-05
pallonetto,1,7.538067239559776e-05
talking,1,7.538067239559776e-05
fireplace,1,7.538067239559776e-05
fruits,1,7.538067239559776e-05
illuminate,1,7.538067239559776e-05
plates,1,7.538067239559776e-05
sight,1,7.538067239559776e-05
triggering,1,7.538067239559776e-05
insult,1,7.538067239559776e-05
nicely,1,7.538067239559776e-05
correct,1,7.538067239559776e-05
samurai,1,7.538067239559776e-05
disrespect,1,7.538067239559776e-05
jet,1,7.538067239559776e-05
along,1,7.538067239559776e-05
negroni,1,7.538067239559776e-05
scum,1,7.538067239559776e-05
themes,1,7.538067239559776e-05
mold,1,7.538067239559776e-05
message,1,7.538067239559776e-05
sicily,1,7.538067239559776e-05
choiced,1,7.538067239559776e-05
stalls,1,7.538067239559776e-05
filthy,1,7.538067239559776e-05
hydro,1,7.538067239559776e-05
sections,1,7.538067239559776e-05
wise,1,7.538067239559776e-05
automated,1,7.538067239559776e-05
50th,1,7.538067239559776e-05
beside,1,7.538067239559776e-05
refreshingly,1,7.538067239559776e-05
tact,1,7.538067239559776e-05
link,1,7.538067239559776e-05
overnight,1,7.538067239559776e-05
inconvenient,1,7.538067239559776e-05
separated,1,7.538067239559776e-05
turkish,1,7.538067239559776e-05
constraints,1,7.538067239559776e-05
sort,1,7.538067239559776e-05
weregretted,1,7.538067239559776e-05
delay,1,7.538067239559776e-05
memorable,1,7.538067239559776e-05
tidy,1,7.538067239559776e-05
sitting,1,7.538067239559776e-05
alongside,1,7.538067239559776e-05
retrieved,1,7.538067239559776e-05
surprises,1,7.538067239559776e-05
black,1,7.538067239559776e-05
leather,1,7.538067239559776e-05
pair,1,7.538067239559776e-05
wood,1,7.538067239559776e-05
significant,1,7.538067239559776e-05
pants,1,7.538067239559776e-05
emails,1,7.538067239559776e-05
heard,1,7.538067239559776e-05
fifth,1,7.538067239559776e-05
become,1,7.538067239559776e-05
wishing,1,7.538067239559776e-05
annoyance,1,7.538067239559776e-05
sunny,1,7.538067239559776e-05
external,1,7.538067239559776e-05
accepted,1,7.538067239559776e-05
communal,1,7.538067239559776e-05
utilize,1,7.538067239559776e-05
provides,1,7.538067239559776e-05
checkout,1,7.538067239559776e-05
printing,1,7.538067239559776e-05
refuge,1,7.538067239559776e-05
repaired,1,7.538067239559776e-05
rood,1,7.538067239559776e-05
material,1,7.538067239559776e-05
valid,1,7.538067239559776e-05
plastic,1,7.538067239559776e-05
fat,1,7.538067239559776e-05
fashioned,1,7.538067239559776e-05
cleans,1,7.538067239559776e-05
cosmopolitan,1,7.538067239559776e-05
barman,1,7.538067239559776e-05
worn,1,7.538067239559776e-05
unclean,1,7.538067239559776e-05
prepared,1,7.538067239559776e-05
touring,1,7.538067239559776e-05
unwind,1,7.538067239559776e-05
slot,1,7.538067239559776e-05
desire,1,7.538067239559776e-05
exploring,1,7.538067239559776e-05
backdrop,1,7.538067239559776e-05
claimed,1,7.538067239559776e-05
emergency,1,7.538067239559776e-05
crouch,1,7.538067239559776e-05
woke,1,7.538067239559776e-05
execution,1,7.538067239559776e-05
multitude,1,7.538067239559776e-05
featuring,1,7.538067239559776e-05
lane,1,7.538067239559776e-05
parks,1,7.538067239559776e-05
load,1,7.538067239559776e-05
lorries,1,7.538067239559776e-05
overlooks,1,7.538067239559776e-05
highway,1,7.538067239559776e-05
theory,1,7.538067239559776e-05
thrown,1,7.538067239559776e-05
resonate,1,7.538067239559776e-05
shipping,1,7.538067239559776e-05
aesthetics,1,7.538067239559776e-05
ravello,1,7.538067239559776e-05
ercolano,1,7.538067239559776e-05
apologetic,1,7.538067239559776e-05
pompeij,1,7.538067239559776e-05
enormous,1,7.538067239559776e-05
leaked,1,7.538067239559776e-05
sealed,1,7.538067239559776e-05
compensate,1,7.538067239559776e-05
correspondences,1,7.538067239559776e-05
rusty,1,7.538067239559776e-05
mail,1,7.538067239559776e-05
glimpse,1,7.538067239559776e-05
riverboat,1,7.538067239559776e-05
pity,1,7.538067239559776e-05
3ish,1,7.538067239559776e-05
upstairs,1,7.538067239559776e-05
con,1,7.538067239559776e-05
weak,1,7.538067239559776e-05
laughably,1,7.538067239559776e-05
meanwhile,1,7.538067239559776e-05
glitches,1,7.538067239559776e-05
reused,1,7.538067239559776e-05
intermittent,1,7.538067239559776e-05
term,1,7.538067239559776e-05
justifies,1,7.538067239559776e-05
seats,1,7.538067239559776e-05
stale,1,7.538067239559776e-05
hit,1,7.538067239559776e-05
stick,1,7.538067239559776e-05
closes,1,7.538067239559776e-05
largely,1,7.538067239559776e-05
hoping,1,7.538067239559776e-05
vallet,1,7.538067239559776e-05
creatively,1,7.538067239559776e-05
blowing,1,7.538067239559776e-05
entirety,1,7.538067239559776e-05
rundown,1,7.538067239559776e-05
studio,1,7.538067239559776e-05
meantime,1,7.538067239559776e-05
iolanda,1,7.538067239559776e-05
addicted,1,7.538067239559776e-05
espresso,1,7.538067239559776e-05
employers,1,7.538067239559776e-05
seaview,1,7.538067239559776e-05
mean,1,7.538067239559776e-05
unforgettable,1,7.538067239559776e-05
forgotten,1,7.538067239559776e-05
handled,1,7.538067239559776e-05
leaking,1,7.538067239559776e-05
3day,1,7.538067239559776e-05
soaking,1,7.538067239559776e-05
rained,1,7.538067239559776e-05
wery,1,7.538067239559776e-05
biggest,1,7.538067239559776e-05
chilly,1,7.538067239559776e-05
hassle,1,7.538067239559776e-05
hipster,1,7.538067239559776e-05
closing,1,7.538067239559776e-05
impressions,1,7.538067239559776e-05
oversized,1,7.538067239559776e-05
gifts,1,7.538067239559776e-05
power,1,7.538067239559776e-05
wheat,1,7.538067239559776e-05
completed,1,7.538067239559776e-05
furnished,1,7.538067239559776e-05
cheapest,1,7.538067239559776e-05
stones,1,7.538067239559776e-05
penny,1,7.538067239559776e-05
mouth,1,7.538067239559776e-05
definite,1,7.538067239559776e-05
laying,1,7.538067239559776e-05
anymore,1,7.538067239559776e-05
living,1,7.538067239559776e-05
rid,1,7.538067239559776e-05
keen,1,7.538067239559776e-05
action,1,7.538067239559776e-05
outlook,1,7.538067239559776e-05
installations,1,7.538067239559776e-05
bother,1,7.538067239559776e-05
shadow,1,7.538067239559776e-05
doubt,1,7.538067239559776e-05
snap,1,7.538067239559776e-05
historically,1,7.538067239559776e-05
snags,1,7.538067239559776e-05
chips,1,7.538067239559776e-05
loredana,1,7.538067239559776e-05
silvana,1,7.538067239559776e-05
rolled,1,7.538067239559776e-05
upwards,1,7.538067239559776e-05
planning,1,7.538067239559776e-05
electrics,1,7.538067239559776e-05
twin,1,7.538067239559776e-05
absurd,1,7.538067239559776e-05
remarked,1,7.538067239559776e-05
corrected2,1,7.538067239559776e-05
000,1,7.538067239559776e-05
departed,1,7.538067239559776e-05
overcharged,1,7.538067239559776e-05
pros,1,7.538067239559776e-05
pointing,1,7.538067239559776e-05
furthermore,1,7.538067239559776e-05
value,1,7.538067239559776e-05
cons,1,7.538067239559776e-05
excessively,1,7.538067239559776e-05
crazy,1,7.538067239559776e-05
faulty,1,7.538067239559776e-05
rectify,1,7.538067239559776e-05
swimmer,1,7.538067239559776e-05
logic,1,7.538067239559776e-05
suitable,1,7.538067239559776e-05
present,1,7.538067239559776e-05
daily,1,7.538067239559776e-05
beverollo,1,7.538067239559776e-05
result,1,7.538067239559776e-05
alibus,1,7.538067239559776e-05
esthetic,1,7.538067239559776e-05
francesca,1,7.538067239559776e-05
daytime,1,7.538067239559776e-05
procedure,1,7.538067239559776e-05
disgusting,1,7.538067239559776e-05
gran,1,7.538067239559776e-05
benedict,1,7.538067239559776e-05
vesuviusa,1,7.538067239559776e-05
belief,1,7.538067239559776e-05
floora,1,7.538067239559776e-05
1st,1,7.538067239559776e-05
fluent,1,7.538067239559776e-05
ball,1,7.538067239559776e-05
rye,1,7.538067239559776e-05
yoga,1,7.538067239559776e-05
exercising,1,7.538067239559776e-05
basement,1,7.538067239559776e-05
pulley,1,7.538067239559776e-05
includes,1,7.538067239559776e-05
carton,1,7.538067239559776e-05
pomegranate,1,7.538067239559776e-05
hung,1,7.538067239559776e-05
gift,1,7.538067239559776e-05
dispenses,1,7.538067239559776e-05
charterhouse,1,7.538067239559776e-05
forms,1,7.538067239559776e-05
toast,1,7.538067239559776e-05
desserts,1,7.538067239559776e-05
gusto,1,7.538067239559776e-05
shop,1,7.538067239559776e-05
intention,1,7.538067239559776e-05
tired,1,7.538067239559776e-05
460,1,7.538067239559776e-05
boyfriend,1,7.538067239559776e-05
difference,1,7.538067239559776e-05
forever,1,7.538067239559776e-05
arrive,1,7.538067239559776e-05
illegal,1,7.538067239559776e-05
months,1,7.538067239559776e-05
prepaid,1,7.538067239559776e-05
shambled,1,7.538067239559776e-05
courses,1,7.538067239559776e-05
fronm,1,7.538067239559776e-05
fleeced,1,7.538067239559776e-05
starters,1,7.538067239559776e-05
expectation,1,7.538067239559776e-05
compared,1,7.538067239559776e-05
portions,1,7.538067239559776e-05
carbs,1,7.538067239559776e-05
vegetables,1,7.538067239559776e-05
meat,1,7.538067239559776e-05
secure,1,7.538067239559776e-05
dishes,1,7.538067239559776e-05
bearings,1,7.538067239559776e-05
visitor,1,7.538067239559776e-05
candles,1,7.538067239559776e-05
spoilt,1,7.538067239559776e-05
cranes,1,7.538067239559776e-05
tonne,1,7.538067239559776e-05
appalling,1,7.538067239559776e-05
rotten,1,7.538067239559776e-05
zealand,1,7.538067239559776e-05
question,1,7.538067239559776e-05
stereo,1,7.538067239559776e-05
tooth,1,7.538067239559776e-05
reduced,1,7.538067239559776e-05
tray,1,7.538067239559776e-05
grainy,1,7.538067239559776e-05
scramble,1,7.538067239559776e-05
bacon,1,7.538067239559776e-05
sausages,1,7.538067239559776e-05
baked,1,7.538067239559776e-05
trays,1,7.538067239559776e-05
cost,1,7.538067239559776e-05
101,1,7.538067239559776e-05
awkward,1,7.538067239559776e-05
cramp,1,7.538067239559776e-05
interested,1,7.538067239559776e-05
query,1,7.538067239559776e-05
outlets,1,7.538067239559776e-05
boot,1,7.538067239559776e-05
shady,1,7.538067239559776e-05
sems,1,7.538067239559776e-05
apartment,1,7.538067239559776e-05
oiled,1,7.538067239559776e-05
ports,1,7.538067239559776e-05
fill,1,7.538067239559776e-05
ages,1,7.538067239559776e-05
sensors,1,7.538067239559776e-05
systems,1,7.538067239559776e-05
tec,1,7.538067239559776e-05
gadgets,1,7.538067239559776e-05
picky,1,7.538067239559776e-05
covering,1,7.538067239559776e-05
covered,1,7.538067239559776e-05
joked,1,7.538067239559776e-05
lip,1,7.538067239559776e-05
pens,1,7.538067239559776e-05
shampoo,1,7.538067239559776e-05
freebies,1,7.538067239559776e-05
delivered,1,7.538067239559776e-05
vicinity,1,7.538067239559776e-05
loads,1,7.538067239559776e-05
downsides,1,7.538067239559776e-05
giving,1,7.538067239559776e-05
keeps,1,7.538067239559776e-05
lacking,1,7.538067239559776e-05
electrical,1,7.538067239559776e-05
functionality,1,7.538067239559776e-05
extras,1,7.538067239559776e-05
install,1,7.538067239559776e-05
operate,1,7.538067239559776e-05
mother,1,7.538067239559776e-05
process,1,7.538067239559776e-05
guy,1,7.538067239559776e-05
bookings,1,7.538067239559776e-05
caters,1,7.538067239559776e-05
happens,1,7.538067239559776e-05
force,1,7.538067239559776e-05
worrying,1,7.538067239559776e-05
shattered,1,7.538067239559776e-05
lock,1,7.538067239559776e-05
fiddling,1,7.538067239559776e-05
escorted,1,7.538067239559776e-05
report,1,7.538067239559776e-05
30ish,1,7.538067239559776e-05
bulbs,1,7.538067239559776e-05
lived,1,7.538067239559776e-05
4am,1,7.538067239559776e-05
driving,1,7.538067239559776e-05
license,1,7.538067239559776e-05
workers,1,7.538067239559776e-05
arsenal,1,7.538067239559776e-05
package,1,7.538067239559776e-05
held,1,7.538067239559776e-05
handy,1,7.538067239559776e-05
interest,1,7.538067239559776e-05
finenest,1,7.538067239559776e-05
handmade,1,7.538067239559776e-05
joke,1,7.538067239559776e-05
summer,1,7.538067239559776e-05
asset,1,7.538067239559776e-05
2019,1,7.538067239559776e-05
preferred,1,7.538067239559776e-05
concern,1,7.538067239559776e-05
resuaurant,1,7.538067239559776e-05
sinks,1,7.538067239559776e-05
personl,1,7.538067239559776e-05
paper,1,7.538067239559776e-05
cafes,1,7.538067239559776e-05
subway,1,7.538067239559776e-05
decide,1,7.538067239559776e-05
tons,1,7.538067239559776e-05
somehow,1,7.538067239559776e-05
bones,1,7.538067239559776e-05
tagging,1,7.538067239559776e-05
trash,1,7.538067239559776e-05
crossing,1,7.538067239559776e-05
reastaurants,1,7.538067239559776e-05
instruction,1,7.538067239559776e-05
effort,1,7.538067239559776e-05
characters,1,7.538067239559776e-05
costumeres,1,7.538067239559776e-05
microlocation,1,7.538067239559776e-05
relations,1,7.538067239559776e-05
mum,1,7.538067239559776e-05
candle,1,7.538067239559776e-05
wishes,1,7.538067239559776e-05
celebrated,1,7.538067239559776e-05
eyes,1,7.538067239559776e-05
support,1,7.538067239559776e-05
inquiry,1,7.538067239559776e-05
como,1,7.538067239559776e-05
lake,1,7.538067239559776e-05
hilton,1,7.538067239559776e-05
regio,1,7.538067239559776e-05
cuisine,1,7.538067239559776e-05
culture,1,7.538067239559776e-05
arround,1,7.538067239559776e-05
colection,1,7.538067239559776e-05
cactuses,1,7.538067239559776e-05
create,1,7.538067239559776e-05
ventilation,1,7.538067239559776e-05
cigar,1,7.538067239559776e-05
artworks,1,7.538067239559776e-05
gorgeus,1,7.538067239559776e-05
neighborhoods,1,7.538067239559776e-05
crew,1,7.538067239559776e-05
deparment,1,7.538067239559776e-05
sara,1,7.538067239559776e-05
souvenirs,1,7.538067239559776e-05
pour,1,7.538067239559776e-05
posts,1,7.538067239559776e-05
internet,1,7.538067239559776e-05
edge,1,7.538067239559776e-05
colorful,1,7.538067239559776e-05
mindblowing,1,7.538067239559776e-05
tables,1,7.538067239559776e-05
holidays,1,7.538067239559776e-05
coke,1,7.538067239559776e-05
japan,1,7.538067239559776e-05
agent,1,7.538067239559776e-05
luca,1,7.538067239559776e-05
explaining,1,7.538067239559776e-05
advantages,1,7.538067239559776e-05
antique,1,7.538067239559776e-05
jakob,1,7.538067239559776e-05
iris,1,7.538067239559776e-05
decorations,1,7.538067239559776e-05
fillipo,1,7.538067239559776e-05
kings,1,7.538067239559776e-05
alehandro,1,7.538067239559776e-05
tina,1,7.538067239559776e-05
atractions,1,7.538067239559776e-05
interiors,1,7.538067239559776e-05
break,1,7.538067239559776e-05
bash,1,7.538067239559776e-05
path,1,7.538067239559776e-05
uses,1,7.538067239559776e-05
lantern,1,7.538067239559776e-05
walled,1,7.538067239559776e-05
irritant,1,7.538067239559776e-05
touristy,1,7.538067239559776e-05
minor,1,7.538067239559776e-05
gold,1,7.538067239559776e-05
manned,1,7.538067239559776e-05
bubbles,1,7.538067239559776e-05
skillfully,1,7.538067239559776e-05
testicles,1,7.538067239559776e-05
beef,1,7.538067239559776e-05
jets,1,7.538067239559776e-05
commercial,1,7.538067239559776e-05
trained,1,7.538067239559776e-05
earns,1,7.538067239559776e-05
granted,1,7.538067239559776e-05
smoking,1,7.538067239559776e-05
disturbed,1,7.538067239559776e-05
habibts,1,7.538067239559776e-05
noted,1,7.538067239559776e-05
refused,1,7.538067239559776e-05
oddity,1,7.538067239559776e-05
beaten,1,7.538067239559776e-05
february,1,7.538067239559776e-05
factories,1,7.538067239559776e-05
costs,1,7.538067239559776e-05
timing,1,7.538067239559776e-05
automatically,1,7.538067239559776e-05
cracks,1,7.538067239559776e-05
calm,1,7.538067239559776e-05
freaks,1,7.538067239559776e-05
lighten,1,7.538067239559776e-05
learn,1,7.538067239559776e-05
queer,1,7.538067239559776e-05
inspired,1,7.538067239559776e-05
5min,1,7.538067239559776e-05
necessary,1,7.538067239559776e-05
quriky,1,7.538067239559776e-05
3rd,1,7.538067239559776e-05
cakes,1,7.538067239559776e-05
chess,1,7.538067239559776e-05
flavoured,1,7.538067239559776e-05
excursions,1,7.538067239559776e-05
contacted,1,7.538067239559776e-05
cases,1,7.538067239559776e-05
rug,1,7.538067239559776e-05
amenity,1,7.538067239559776e-05
balm,1,7.538067239559776e-05
pack,1,7.538067239559776e-05
unless,1,7.538067239559776e-05
handwritten,1,7.538067239559776e-05
beach,1,7.538067239559776e-05
wakes,1,7.538067239559776e-05
pee,1,7.538067239559776e-05
effect,1,7.538067239559776e-05
stupid,1,7.538067239559776e-05
boring,1,7.538067239559776e-05
app,1,7.538067239559776e-05
streaming,1,7.538067239559776e-05
biscotti,1,7.538067239559776e-05
jar,1,7.538067239559776e-05
crowning,1,7.538067239559776e-05
june,1,7.538067239559776e-05
napkins,1,7.538067239559776e-05
hangers,1,7.538067239559776e-05
coat,1,7.538067239559776e-05
branded,1,7.538067239559776e-05
blacked,1,7.538067239559776e-05
ability,1,7.538067239559776e-05
blinds,1,7.538067239559776e-05
hairdryer,1,7.538067239559776e-05
dyson,1,7.538067239559776e-05
minibar,1,7.538067239559776e-05
sunbathing,1,7.538067239559776e-05
2022,1,7.538067239559776e-05
soaps,1,7.538067239559776e-05
wonderland,1,7.538067239559776e-05
comes,1,7.538067239559776e-05
coverings,1,7.538067239559776e-05
wall,1,7.538067239559776e-05
route,1,7.538067239559776e-05
turndown,1,7.538067239559776e-05
boxed,1,7.538067239559776e-05
convent,1,7.538067239559776e-05
magazine,1,7.538067239559776e-05
airplane,1,7.538067239559776e-05
décor,1,7.538067239559776e-05
among,1,7.538067239559776e-05
oasis,1,7.538067239559776e-05
gourmet,1,7.538067239559776e-05
reopen,1,7.538067239559776e-05
inform,1,7.538067239559776e-05
linen,1,7.538067239559776e-05
heavenly,1,7.538067239559776e-05
veneta,1,7.538067239559776e-05
bottega,1,7.538067239559776e-05
superbly,1,7.538067239559776e-05
international,1,7.538067239559776e-05
anybody,1,7.538067239559776e-05
unlimited,1,7.538067239559776e-05
bodega,1,7.538067239559776e-05
concierges,1,7.538067239559776e-05
orient,1,7.538067239559776e-05
bottom,1,7.538067239559776e-05
sunlight,1,7.538067239559776e-05
piers,1,7.538067239559776e-05
brekkie,1,7.538067239559776e-05
pride,1,7.538067239559776e-05
optimal,1,7.538067239559776e-05
sorts,1,7.538067239559776e-05
tourists,1,7.538067239559776e-05
suggestion,1,7.538067239559776e-05
dessert,1,7.538067239559776e-05
kindly,1,7.538067239559776e-05
temporary,1,7.538067239559776e-05
rap,1,7.538067239559776e-05
except,1,7.538067239559776e-05
mirror,1,7.538067239559776e-05
illuminated,1,7.538067239559776e-05
waking,1,7.538067239559776e-05
thereby,1,7.538067239559776e-05
debacles,1,7.538067239559776e-05
switch,1,7.538067239559776e-05
button,1,7.538067239559776e-05
bizarre,1,7.538067239559776e-05
transitions,1,7.538067239559776e-05
opera,1,7.538067239559776e-05
finishes,1,7.538067239559776e-05
says,1,7.538067239559776e-05
informed,1,7.538067239559776e-05
highest,1,7.538067239559776e-05
omelette,1,7.538067239559776e-05
whimsical,1,7.538067239559776e-05
understood,1,7.538067239559776e-05
reviewers,1,7.538067239559776e-05
unlike,1,7.538067239559776e-05
reset,1,7.538067239559776e-05
unlocked,1,7.538067239559776e-05
respond,1,7.538067239559776e-05
thursday,1,7.538067239559776e-05
museums,1,7.538067239559776e-05
expectant,1,7.538067239559776e-05
delayed,1,7.538067239559776e-05
laurence,1,7.538067239559776e-05
apart,1,7.538067239559776e-05
insonorisation,1,7.538067239559776e-05
thread,1,7.538067239559776e-05
telling,1,7.538067239559776e-05
reçeption,1,7.538067239559776e-05
187,1,7.538067239559776e-05
east,1,7.538067239559776e-05
munchies,1,7.538067239559776e-05
cell,1,7.538067239559776e-05
albeit,1,7.538067239559776e-05
opened,1,7.538067239559776e-05
unstable,1,7.538067239559776e-05
admire,1,7.538067239559776e-05
moments,1,7.538067239559776e-05
tange,1,7.538067239559776e-05
kenzo,1,7.538067239559776e-05
pick,1,7.538067239559776e-05
vibes,1,7.538067239559776e-05
environment,1,7.538067239559776e-05
nervous,1,7.538067239559776e-05
judgy,1,7.538067239559776e-05
stress,1,7.538067239559776e-05
april,1,7.538067239559776e-05
mood,1,7.538067239559776e-05
florence,1,7.538067239559776e-05
seasons,1,7.538067239559776e-05
favorites,1,7.538067239559776e-05
avid,1,7.538067239559776e-05
volcano,1,7.538067239559776e-05
triple,1,7.538067239559776e-05
occasion,1,7.538067239559776e-05
vip,1,7.538067239559776e-05
kudos,1,7.538067239559776e-05
climate,1,7.538067239559776e-05
polar,1,7.538067239559776e-05
fulfil,1,7.538067239559776e-05
ludicrous,1,7.538067239559776e-05
via,1,7.538067239559776e-05
nuovo,1,7.538067239559776e-05
castel,1,7.538067239559776e-05
exactly,1,7.538067239559776e-05
separately,1,7.538067239559776e-05
reviewing,1,7.538067239559776e-05
whether,1,7.538067239559776e-05
unobstructed,1,7.538067239559776e-05
block,1,7.538067239559776e-05
complain,1,7.538067239559776e-05
technician,1,7.538067239559776e-05
bears,1,7.538067239559776e-05
breathe,1,7.538067239559776e-05
final,1,7.538067239559776e-05
freezing,1,7.538067239559776e-05
cope,1,7.538067239559776e-05
october,1,7.538067239559776e-05
flaw,1,7.538067239559776e-05
artwork,1,7.538067239559776e-05
unhelpful,1,7.538067239559776e-05
hug,1,7.538067239559776e-05
blanket,1,7.538067239559776e-05
respectful,1,7.538067239559776e-05
hesitance,1,7.538067239559776e-05
stolen,1,7.538067239559776e-05
eye,1,7.538067239559776e-05
thx,1,7.538067239559776e-05
peacefull,1,7.538067239559776e-05
practice,1,7.538067239559776e-05
exists,1,7.538067239559776e-05
exeprience,1,7.538067239559776e-05
comforts,1,7.538067239559776e-05
efficiently,1,7.538067239559776e-05
smartly,1,7.538067239559776e-05
cozy,1,7.538067239559776e-05
promise,1,7.538067239559776e-05
discover,1,7.538067239559776e-05
compensation,1,7.538067239559776e-05
gratifying,1,7.538067239559776e-05
unexpected,1,7.538067239559776e-05
kindness,1,7.538067239559776e-05
wired,1,7.538067239559776e-05
pharmacy,1,7.538067239559776e-05
test,1,7.538067239559776e-05
rebook,1,7.538067239559776e-05
cancel,1,7.538067239559776e-05
comforted,1,7.538067239559776e-05
greatly,1,7.538067239559776e-05
charges,1,7.538067239559776e-05
strongly,1,7.538067239559776e-05
professionally,1,7.538067239559776e-05
ambience,1,7.538067239559776e-05
dealt,1,7.538067239559776e-05
cutlerries,1,7.538067239559776e-05
utensils,1,7.538067239559776e-05
exact,1,7.538067239559776e-05
guide,1,7.538067239559776e-05
changed,1,7.538067239559776e-05
changing,1,7.538067239559776e-05
fulfill,1,7.538067239559776e-05
fullest,1,7.538067239559776e-05
instantly,1,7.538067239559776e-05
sulkyness,1,7.538067239559776e-05
avoiding,1,7.538067239559776e-05
requirements,1,7.538067239559776e-05
accommodative,1,7.538067239559776e-05
roberta,1,7.538067239559776e-05
fence,1,7.538067239559776e-05
infrared,1,7.538067239559776e-05
remember,1,7.538067239559776e-05
names,1,7.538067239559776e-05
overjoyed,1,7.538067239559776e-05
resolved,1,7.538067239559776e-05
situation,1,7.538067239559776e-05
whatsoever,1,7.538067239559776e-05
panels,1,7.538067239559776e-05
perspex,1,7.538067239559776e-05
figures,1,7.538067239559776e-05
bellboys,1,7.538067239559776e-05
visits,1,7.538067239559776e-05
site,1,7.538067239559776e-05
rezervations,1,7.538067239559776e-05
boy,1,7.538067239559776e-05
celebration,1,7.538067239559776e-05
507,1,7.538067239559776e-05
prettiest,1,7.538067239559776e-05
perhaps,1,7.538067239559776e-05
teeny,1,7.538067239559776e-05
shin,1,7.538067239559776e-05
properties,1,7.538067239559776e-05
wacked,1,7.538067239559776e-05
toe,1,7.538067239559776e-05
stubbed,1,7.538067239559776e-05
alleyway,1,7.538067239559776e-05
narrow,1,7.538067239559776e-05
lined,1,7.538067239559776e-05
creation,1,7.538067239559776e-05
architect,1,7.538067239559776e-05
instead,1,7.538067239559776e-05
stars,1,7.538067239559776e-05
adults,1,7.538067239559776e-05
bun,1,7.538067239559776e-05
reconsidering,1,7.538067239559776e-05
massages,1,7.538067239559776e-05
twins,1,7.538067239559776e-05
characteristics,1,7.538067239559776e-05
supposedly,1,7.538067239559776e-05
arrogant,1,7.538067239559776e-05
unaccommodating,1,7.538067239559776e-05
disliked,1,7.538067239559776e-05
globalist,1,7.538067239559776e-05
professionalism,1,7.538067239559776e-05
stefania,1,7.538067239559776e-05
divine,1,7.538067239559776e-05
tremendous,1,7.538067239559776e-05
strawberry,1,7.538067239559776e-05
uphold,1,7.538067239559776e-05
sister,1,7.538067239559776e-05
originally,1,7.538067239559776e-05
faces,1,7.538067239559776e-05
gyms,1,7.538067239559776e-05
proper,1,7.538067239559776e-05
equipment,1,7.538067239559776e-05
techno,1,7.538067239559776e-05
contains,1,7.538067239559776e-05
tarts,1,7.538067239559776e-05
andrea,1,7.538067239559776e-05
scam,1,7.538067239559776e-05
pic,1,7.538067239559776e-05
billing,1,7.538067239559776e-05
orders,1,7.538067239559776e-05
underperformed,1,7.538067239559776e-05
continuously,1,7.538067239559776e-05
launch,1,7.538067239559776e-05
splurged,1,7.538067239559776e-05
spoiled,1,7.538067239559776e-05
hip,1,7.538067239559776e-05
coupled,1,7.538067239559776e-05
travels,1,7.538067239559776e-05
fitness,1,7.538067239559776e-05
usd,1,7.538067239559776e-05
accommodations,1,7.538067239559776e-05
eur,1,7.538067239559776e-05
converting,1,7.538067239559776e-05
exchange,1,7.538067239559776e-05
silly,1,7.538067239559776e-05
deceptive,1,7.538067239559776e-05
cagey,1,7.538067239559776e-05
bathtub,1,7.538067239559776e-05
offerings,1,7.538067239559776e-05
whistles,1,7.538067239559776e-05
bells,1,7.538067239559776e-05
pitiful,1,7.538067239559776e-05
suitcase,1,7.538067239559776e-05
4oz,1,7.538067239559776e-05
strike,1,7.538067239559776e-05
30eur,1,7.538067239559776e-05
90eur,1,7.538067239559776e-05
pretentious,1,7.538067239559776e-05
submit,1,7.538067239559776e-05
normally,1,7.538067239559776e-05
doorstep,1,7.538067239559776e-05
hesitate,1,7.538067239559776e-05
slightly,1,7.538067239559776e-05
beautifully,1,7.538067239559776e-05
mythology,1,7.538067239559776e-05
lightning,1,7.538067239559776e-05
hallway,1,7.538067239559776e-05
thunderstorm,1,7.538067239559776e-05
esque,1,7.538067239559776e-05
arriving,1,7.538067239559776e-05
stark,1,7.538067239559776e-05
puglia,1,7.538067239559776e-05
praise,1,7.538067239559776e-05
iffy,1,7.538067239559776e-05
messy,1,7.538067239559776e-05
paraphernalia,1,7.538067239559776e-05
folded,1,7.538067239559776e-05
postage,1,7.538067239559776e-05
stamp,1,7.538067239559776e-05
boating,1,7.538067239559776e-05
breaks,1,7.538067239559776e-05
remodeled,1,7.538067239559776e-05
pass,1,7.538067239559776e-05
cleanneless,1,7.538067239559776e-05
cooked,1,7.538067239559776e-05
yogurt,1,7.538067239559776e-05
fruit,1,7.538067239559776e-05
ranging,1,7.538067239559776e-05
vast,1,7.538067239559776e-05
advertised,1,7.538067239559776e-05
600,1,7.538067239559776e-05
mask,1,7.538067239559776e-05
ninth,1,7.538067239559776e-05
outdoors,1,7.538067239559776e-05
pandemic,1,7.538067239559776e-05
discount,1,7.538067239559776e-05
reflection,1,7.538067239559776e-05
leadership,1,7.538067239559776e-05
hosts,1,7.538067239559776e-05
january,1,7.538067239559776e-05
refurbished,1,7.538067239559776e-05
hello,1,7.538067239559776e-05
impression,1,7.538067239559776e-05
artistic,1,7.538067239559776e-05
niceness,1,7.538067239559776e-05
radiated,1,7.538067239559776e-05
everybody,1,7.538067239559776e-05
scaffolding,1,7.538067239559776e-05
550,1,7.538067239559776e-05
ice,1,7.538067239559776e-05
cooler,1,7.538067239559776e-05
perplexing,1,7.538067239559776e-05
successful,1,7.538067239559776e-05
logs,1,7.538067239559776e-05
tasted,1,7.538067239559776e-05
scrambled,1,7.538067239559776e-05
utmost,1,7.538067239559776e-05
peninsula,1,7.538067239559776e-05
entirely,1,7.538067239559776e-05
aplenty,1,7.538067239559776e-05
relly,1,7.538067239559776e-05
posh,1,7.538067239559776e-05
market,1,7.538067239559776e-05
tea,1,7.538067239559776e-05
cup,1,7.538067239559776e-05
genuine,1,7.538067239559776e-05
sending,1,7.538067239559776e-05
november,1,7.538067239559776e-05
begin,1,7.538067239559776e-05
lasting,1,7.538067239559776e-05
carmen,1,7.538067239559776e-05
amazingly,1,7.538067239559776e-05
berating,1,7.538067239559776e-05
frustrating,1,7.538067239559776e-05
stated,1,7.538067239559776e-05
tatty,1,7.538067239559776e-05
greatest,1,7.538067239559776e-05
specialty,1,7.538067239559776e-05
till,1,7.538067239559776e-05
nicole,1,7.538067239559776e-05
initial,1,7.538067239559776e-05
exceeding,1,7.538067239559776e-05
insisted,1,7.538067239559776e-05
irritated,1,7.538067239559776e-05
celebrate,1,7.538067239559776e-05
cabs,1,7.538067239559776e-05
sized,1,7.538067239559776e-05
running,1,7.538067239559776e-05
stain,1,7.538067239559776e-05
tot,1,7.538067239559776e-05
rely,1,7.538067239559776e-05
valets,1,7.538067239559776e-05
trattoria,1,7.538067239559776e-05
honestly,1,7.538067239559776e-05
stupidly,1,7.538067239559776e-05
electrically,1,7.538067239559776e-05
operated,1,7.538067239559776e-05
display,1,7.538067239559776e-05
malta,1,7.538067239559776e-05
warmest,1,7.538067239559776e-05
amongst,1,7.538067239559776e-05
culinary,1,7.538067239559776e-05
luxuries,1,7.538067239559776e-05
lacked,1,7.538067239559776e-05
conventional,1,7.538067239559776e-05
rare,1,7.538067239559776e-05
dropped,1,7.538067239559776e-05
remembered,1,7.538067239559776e-05
tells,1,7.538067239559776e-05
cherry,1,7.538067239559776e-05
department,1,7.538067239559776e-05
scored,1,7.538067239559776e-05
consistently,1,7.538067239559776e-05
fried,1,7.538067239559776e-05
umbrellas,1,7.538067239559776e-05
rainy,1,7.538067239559776e-05
martini,1,7.538067239559776e-05
red,1,7.538067239559776e-05
infra,1,7.538067239559776e-05
accomodating,1,7.538067239559776e-05
flat,1,7.538067239559776e-05
unloaded,1,7.538067239559776e-05
rental,1,7.538067239559776e-05
prossima,1,7.538067239559776e-05
panicking,1,7.538067239559776e-05
flooded,1,7.538067239559776e-05
splurge,1,7.538067239559776e-05
exquisite,1,7.538067239559776e-05
treats,1,7.538067239559776e-05
succinctly,1,7.538067239559776e-05
introduced,1,7.538067239559776e-05
unbelievable,1,7.538067239559776e-05
grandson,1,7.538067239559776e-05
volta,1,7.538067239559776e-05
vediamo,1,7.538067239559776e-05
soak,1,7.538067239559776e-05
tutti,1,7.538067239559776e-05
recieved,1,7.538067239559776e-05
selling,1,7.538067239559776e-05
opted,1,7.538067239559776e-05
hearth,1,7.538067239559776e-05
mates,1,7.538067239559776e-05
chamber,1,7.538067239559776e-05
captain,1,7.538067239559776e-05
receptionists,1,7.538067239559776e-05
helpfil,1,7.538067239559776e-05
knees,1,7.538067239559776e-05
mess,1,7.538067239559776e-05
screens,1,7.538067239559776e-05
refreshed,1,7.538067239559776e-05
returning,1,7.538067239559776e-05
smokers,1,7.538067239559776e-05
simone,1,7.538067239559776e-05
regularly,1,7.538067239559776e-05
staffed,1,7.538067239559776e-05
ground,1,7.538067239559776e-05
lively,1,7.538067239559776e-05
famous,1,7.538067239559776e-05
stocked,1,7.538067239559776e-05
scale,1,7.538067239559776e-05
yummy,1,7.538067239559776e-05
chalked,1,7.538067239559776e-05
controlling,1,7.538067239559776e-05
curve,1,7.538067239559776e-05
learning,1,7.538067239559776e-05
soft,1,7.538067239559776e-05
linens,1,7.538067239559776e-05
700,1,7.538067239559776e-05
misconception,1,7.538067239559776e-05
apology,1,7.538067239559776e-05
addressed,1,7.538067239559776e-05
drain,1,7.538067239559776e-05
bringing,1,7.538067239559776e-05
animated,1,7.538067239559776e-05
payed,1,7.538067239559776e-05
colors,1,7.538067239559776e-05
colourful,1,7.538067239559776e-05
steps,1,7.538067239559776e-05
borgo,1,7.538067239559776e-05
hear,1,7.538067239559776e-05
technology,1,7.538067239559776e-05
uber,1,7.538067239559776e-05
par,1,7.538067239559776e-05
sub,1,7.538067239559776e-05
primarily,1,7.538067239559776e-05
takeaways,1,7.538067239559776e-05
connection,1,7.538067239559776e-05
yard,1,7.538067239559776e-05
chain,1,7.538067239559776e-05
suppliers,1,7.538067239559776e-05
rubber,1,7.538067239559776e-05
mozarella,1,7.538067239559776e-05
bufala,1,7.538067239559776e-05
tasteless,1,7.538067239559776e-05
tomatoes,1,7.538067239559776e-05
buffala,1,7.538067239559776e-05
tomato,1,7.538067239559776e-05
picture,1,7.538067239559776e-05
waiter,1,7.538067239559776e-05
firm,1,7.538067239559776e-05
tickets,1,7.538067239559776e-05
okay,1,7.538067239559776e-05
print,1,7.538067239559776e-05
diet,1,7.538067239559776e-05
flawless,1,7.538067239559776e-05
popped,1,7.538067239559776e-05
departing,1,7.538067239559776e-05
levels,1,7.538067239559776e-05
laminated,1,7.538067239559776e-05
fell,1,7.538067239559776e-05
cautious,1,7.538067239559776e-05
horrible,1,7.538067239559776e-05
miscalculation,1,7.538067239559776e-05
solar,1,7.538067239559776e-05
tough,1,7.538067239559776e-05
chair,1,7.538067239559776e-05
liking,1,7.538067239559776e-05
newish,1,7.538067239559776e-05
stall,1,7.538067239559776e-05
delighted,1,7.538067239559776e-05
pistachios,1,7.538067239559776e-05
credited,1,7.538067239559776e-05
apologized,1,7.538067239559776e-05
shades,1,7.538067239559776e-05
260,1,7.538067239559776e-05
somewhere,1,7.538067239559776e-05
suffered,1,7.538067239559776e-05
relief,1,7.538067239559776e-05
factors,1,7.538067239559776e-05
lucia,1,7.538067239559776e-05
santa,1,7.538067239559776e-05
uncomfortable,1,7.538067239559776e-05
shabby,1,7.538067239559776e-05
settings,1,7.538067239559776e-05
seated,1,7.538067239559776e-05
example,1,7.538067239559776e-05
speaker,1,7.538067239559776e-05
bravo,1,7.538067239559776e-05
vyacheslav,1,7.538067239559776e-05
condition,1,7.538067239559776e-05
continental,1,7.538067239559776e-05
wort,1,7.538067239559776e-05
throat,1,7.538067239559776e-05
materials,1,7.538067239559776e-05
mixr,1,7.538067239559776e-05
reccomendations,1,7.538067239559776e-05
lacks,1,7.538067239559776e-05
clear,1,7.538067239559776e-05
meal,1,7.538067239559776e-05
shade,1,7.538067239559776e-05
played,1,7.538067239559776e-05
adorned,1,7.538067239559776e-05
severe,1,7.538067239559776e-05
nature,1,7.538067239559776e-05
adrift,1,7.538067239559776e-05
remaining,1,7.538067239559776e-05
toothpaste,1,7.538067239559776e-05
unserviced,1,7.538067239559776e-05
untouched,1,7.538067239559776e-05
turning,1,7.538067239559776e-05
maitre,1,7.538067239559776e-05
accurate,1,7.538067239559776e-05
suggests,1,7.538067239559776e-05
understandably,1,7.538067239559776e-05
befits,1,7.538067239559776e-05
exceedingly,1,7.538067239559776e-05
establishment,1,7.538067239559776e-05
sensitive,1,7.538067239559776e-05
hanging,1,7.538067239559776e-05
baggage,1,7.538067239559776e-05
aesthetic,1,7.538067239559776e-05
respite,1,7.538067239559776e-05
monday,1,7.538067239559776e-05
tips,1,7.538067239559776e-05
highlights,1,7.538067239559776e-05
26h,1,7.538067239559776e-05
scanning,1,7.538067239559776e-05
hence,1,7.538067239559776e-05
speciality,1,7.538067239559776e-05
forgetting,1,7.538067239559776e-05
penthouse,1,7.538067239559776e-05
afterwards,1,7.538067239559776e-05
ill,1,7.538067239559776e-05
sandwiches,1,7.538067239559776e-05
bland,1,7.538067239559776e-05
mine,1,7.538067239559776e-05
bite,1,7.538067239559776e-05
ham,1,7.538067239559776e-05
rated,1,7.538067239559776e-05
stone,1,7.538067239559776e-05
breath,1,7.538067239559776e-05
overlooked,1,7.538067239559776e-05
practical,1,7.538067239559776e-05
prefer,1,7.538067239559776e-05
walks,1,7.538067239559776e-05
fantastics,1,7.538067239559776e-05
cushions,1,7.538067239559776e-05
fsoft,1,7.538067239559776e-05
duvet,1,7.538067239559776e-05
allergy,1,7.538067239559776e-05
mites,1,7.538067239559776e-05
allergies,1,7.538067239559776e-05
dreaming,1,7.538067239559776e-05
brough,1,7.538067239559776e-05
alternative,1,7.538067239559776e-05
frustration,1,7.538067239559776e-05
wash,1,7.538067239559776e-05
washroom,1,7.538067239559776e-05
italians,1,7.538067239559776e-05
american,1,7.538067239559776e-05
plentiful,1,7.538067239559776e-05
nuevo,1,7.538067239559776e-05
carlo,1,7.538067239559776e-05
san,1,7.538067239559776e-05
teatro,1,7.538067239559776e-05
plebicito,1,7.538067239559776e-05
channels,1,7.538067239559776e-05
separate,1,7.538067239559776e-05
showerhead,1,7.538067239559776e-05
beautify,1,7.538067239559776e-05
fanciest,1,7.538067239559776e-05
newest,1,7.538067239559776e-05
boxspring,1,7.538067239559776e-05
springs,1,7.538067239559776e-05
gastronomic,1,7.538067239559776e-05
bistrot,1,7.538067239559776e-05
uncared,1,7.538067239559776e-05
suggest,1,7.538067239559776e-05
500,1,7.538067239559776e-05
hogged,1,7.538067239559776e-05
suited,1,7.538067239559776e-05
superior,1,7.538067239559776e-05
prepare,1,7.538067239559776e-05
napels,1,7.538067239559776e-05
aim,1,7.538067239559776e-05
sector,1,7.538067239559776e-05
funny,1,7.538067239559776e-05
vit,1,7.538067239559776e-05
employed,1,7.538067239559776e-05
dear,1,7.538067239559776e-05
pomodoro,1,7.538067239559776e-05
gourmandes,1,7.538067239559776e-05
operation,1,7.538067239559776e-05
commandante,1,7.538067239559776e-05
chance,1,7.538067239559776e-05
weekends,1,7.538067239559776e-05
villa,1,7.538067239559776e-05
dinners,1,7.538067239559776e-05
thick,1,7.538067239559776e-05
swim,1,7.538067239559776e-05
solo,1,7.538067239559776e-05
partnership,1,7.538067239559776e-05
expert,1,7.538067239559776e-05
aware,1,7.538067239559776e-05
appointment,1,7.538067239559776e-05
demeanor,1,7.538067239559776e-05
account,1,7.538067239559776e-05
words,1,7.538067239559776e-05
reality,1,7.538067239559776e-05
listen,1,7.538067239559776e-05
restrictions,1,7.538067239559776e-05
restricted,1,7.538067239559776e-05
instagram,1,7.538067239559776e-05
alright,1,7.538067239559776e-05
deposit,1,7.538067239559776e-05
happened,1,7.538067239559776e-05
panicked,1,7.538067239559776e-05
luckily,1,7.538067239559776e-05
squeeze,1,7.538067239559776e-05
645,1,7.538067239559776e-05
copied,1,7.538067239559776e-05
declined,1,7.538067239559776e-05
payment,1,7.538067239559776e-05
bank,1,7.538067239559776e-05
50am,1,7.538067239559776e-05
impeccably,1,7.538067239559776e-05
joking,1,7.538067239559776e-05
porter,1,7.538067239559776e-05
news,1,7.538067239559776e-05
ease,1,7.538067239559776e-05
command,1,7.538067239559776e-05
fooled,1,7.538067239559776e-05
smoothly,1,7.538067239559776e-05
retreat,1,7.538067239559776e-05
pompei,1,7.538067239559776e-05
tourism,1,7.538067239559776e-05
potential,1,7.538067239559776e-05
rip,1,7.538067239559776e-05
ipitaly,1,7.538067239559776e-05
cleaner,1,7.538067239559776e-05
lastly,1,7.538067239559776e-05
upper,1,7.538067239559776e-05
zero,1,7.538067239559776e-05
elevators,1,7.538067239559776e-05
combined,1,7.538067239559776e-05
terms,1,7.538067239559776e-05
seating,1,7.538067239559776e-05
oct,1,7.538067239559776e-05
sept,1,7.538067239559776e-05
disagree,1,7.538067239559776e-05
xmaxma,1,7.538067239559776e-05
shown,1,7.538067239559776e-05
priority,1,7.538067239559776e-05
knowing,1,7.538067239559776e-05
besides,1,7.538067239559776e-05
stylishness,1,7.538067239559776e-05
locals,1,7.538067239559776e-05
sport,1,7.538067239559776e-05
stack,1,7.538067239559776e-05
considerations,1,7.538067239559776e-05
modernity,1,7.538067239559776e-05
responded,1,7.538067239559776e-05
seamless,1,7.538067239559776e-05
delightful,1,7.538067239559776e-05
costing,1,7.538067239559776e-05
misinformation,1,7.538067239559776e-05
occasions,1,7.538067239559776e-05
palpable,1,7.538067239559776e-05
stench,1,7.538067239559776e-05
fuel,1,7.538067239559776e-05
derelict,1,7.538067239559776e-05
marine,1,7.538067239559776e-05
breeze,1,7.538067239559776e-05
slightest,1,7.538067239559776e-05
blocked,1,7.538067239559776e-05
sizes,1,7.538067239559776e-05
assorted,1,7.538067239559776e-05
toward,1,7.538067239559776e-05
thoroughfare,1,7.538067239559776e-05
stopping,1,7.538067239559776e-05
warehouses,1,7.538067239559776e-05
land,1,7.538067239559776e-05
write,1,7.538067239559776e-05
tales,1,7.538067239559776e-05
story,1,7.538067239559776e-05
strip,1,7.538067239559776e-05
watch,1,7.538067239559776e-05
brilliantly,1,7.538067239559776e-05
dramatic,1,7.538067239559776e-05
nevertheless,1,7.538067239559776e-05
orientated,1,7.538067239559776e-05
nation,1,7.538067239559776e-05
signs,1,7.538067239559776e-05
bruno,1,7.538067239559776e-05
particuliery,1,7.538067239559776e-05
enjoying,1,7.538067239559776e-05
liners,1,7.538067239559776e-05
history,1,7.538067239559776e-05
venue,1,7.538067239559776e-05
underground,1,7.538067239559776e-05
sixth,1,7.538067239559776e-05
sheer,1,7.538067239559776e-05
ubiquitous,1,7.538067239559776e-05
lava,1,7.538067239559776e-05
vases,1,7.538067239559776e-05
pull,1,7.538067239559776e-05
enhancing,1,7.538067239559776e-05
closer,1,7.538067239559776e-05
unlikely,1,7.538067239559776e-05
truth,1,7.538067239559776e-05
safer,1,7.538067239559776e-05
trucks,1,7.538067239559776e-05
obstructed,1,7.538067239559776e-05
suit,1,7.538067239559776e-05
closely,1,7.538067239559776e-05
reale,1,7.538067239559776e-05
palazzo,1,7.538067239559776e-05
extended,1,7.538067239559776e-05
awarded,1,7.538067239559776e-05
sunset,1,7.538067239559776e-05
easier,1,7.538067239559776e-05
landmarks,1,7.538067239559776e-05
safely,1,7.538067239559776e-05
pier,1,7.538067239559776e-05
cater,1,7.538067239559776e-05
headed,1,7.538067239559776e-05
spoil,1,7.538067239559776e-05
addressing,1,7.538067239559776e-05
heartedly,1,7.538067239559776e-05
servicing,1,7.538067239559776e-05
conservative,1,7.538067239559776e-05
tucking,1,7.538067239559776e-05
ensconced,1,7.538067239559776e-05
contradictory,1,7.538067239559776e-05
extraordinary,1,7.538067239559776e-05
unbelievably,1,7.538067239559776e-05
desing,1,7.538067239559776e-05
distancing,1,7.538067239559776e-05
social,1,7.538067239559776e-05
procedures,1,7.538067239559776e-05
tye,1,7.538067239559776e-05
recovery,1,7.538067239559776e-05
spec,1,7.538067239559776e-05
equip,1,7.538067239559776e-05
technogym,1,7.538067239559776e-05
ironed,1,7.538067239559776e-05
housekeeper,1,7.538067239559776e-05
regarding,1,7.538067239559776e-05
intelligent,1,7.538067239559776e-05
security,1,7.538067239559776e-05
gret,1,7.538067239559776e-05
misleading,1,7.538067239559776e-05
drastically,1,7.538067239559776e-05
pics,1,7.538067239559776e-05
peeking,1,7.538067239559776e-05
scrap,1,7.538067239559776e-05
decrepit,1,7.538067239559776e-05
drab,1,7.538067239559776e-05
park,1,7.538067239559776e-05
guidelines,1,7.538067239559776e-05
adhered,1,7.538067239559776e-05
yacht,1,7.538067239559776e-05
thoroughly,1,7.538067239559776e-05
charming,1,7.538067239559776e-05
utterly,1,7.538067239559776e-05
gaia,1,7.538067239559776e-05
manageress,1,7.538067239559776e-05
dotted,1,7.538067239559776e-05
magic,1,7.538067239559776e-05
noticed,1,7.538067239559776e-05
130,1,7.538067239559776e-05
treatments,1,7.538067239559776e-05
2hrs,1,7.538067239559776e-05
frontage,1,7.538067239559776e-05
lungomare,1,7.538067239559776e-05
artifacts,1,7.538067239559776e-05
yrs,1,7.538067239559776e-05
300,1,7.538067239559776e-05
dominated,1,7.538067239559776e-05
guess,1,7.538067239559776e-05
required,1,7.538067239559776e-05
mandatory,1,7.538067239559776e-05
lockdown,1,7.538067239559776e-05
2020,1,7.538067239559776e-05
flights,1,7.538067239559776e-05
